o_zone_id,o_zone_name,d_zone_id,d_zone_name,accessibility,geometry
1,A1,1,A1,0.0,"LINESTRING (-111.9393014 33.4304189,-111.9393014 33.4304189)"
1,A1,2,A2,0.5016753797903459,"LINESTRING (-111.9393014 33.4304189,-111.9341051 33.4305945)"
1,A1,3,A3,0.9156190869400964,"LINESTRING (-111.9393014 33.4304189,-111.9298696 33.4293767)"
1,A1,4,A4,1.3121571342667633,"LINESTRING (-111.9393014 33.4304189,-111.9257043 33.4301988)"
1,A1,5,A5,2.1046067454101136,"LINESTRING (-111.9393014 33.4304189,-111.9174898 33.430456)"
1,A1,6,B1,0.4099764116258566,"LINESTRING (-111.9393014 33.4304189,-111.939441 33.4261723)"
1,A1,7,B2,0.612134491683266,"LINESTRING (-111.9393014 33.4304189,-111.9346483 33.4261067)"
1,A1,8,B3,1.0960982495721365,"LINESTRING (-111.9393014 33.4304189,-111.92888 33.4258983)"
1,A1,9,B4,1.5592069269927944,"LINESTRING (-111.9393014 33.4304189,-111.9238188 33.4257917)"
1,A1,10,B5,2.0705545891119983,"LINESTRING (-111.9393014 33.4304189,-111.9180745 33.4272732)"
1,A1,11,C1,0.7136360788634615,"LINESTRING (-111.9393014 33.4304189,-111.938754 33.4230432)"
1,A1,12,C2,0.9258258853885176,"LINESTRING (-111.9393014 33.4304189,-111.9337901 33.4225646)"
1,A1,13,C3,1.1731840780442386,"LINESTRING (-111.9393014 33.4304189,-111.9299931 33.4225967)"
1,A1,14,C4,1.694450941026359,"LINESTRING (-111.9393014 33.4304189,-111.9237867 33.4221922)"
1,A1,15,C5,2.045914309794283,"LINESTRING (-111.9393014 33.4304189,-111.9197249 33.4222738)"
1,A1,16,D1,1.11321666943189,"LINESTRING (-111.9393014 33.4304189,-111.9387 33.4188975)"
1,A1,17,D2,1.1691589761378858,"LINESTRING (-111.9393014 33.4304189,-111.9341013 33.4194746)"
1,A1,18,D3,1.4090286512483499,"LINESTRING (-111.9393014 33.4304189,-111.9295967 33.4195074)"
1,A1,19,D4,1.8554186823937575,"LINESTRING (-111.9393014 33.4304189,-111.9237767 33.4190725)"
1,A1,20,D5,2.2300274891328864,"LINESTRING (-111.9393014 33.4304189,-111.919109 33.4191759)"
1,A1,21,E1,1.4204838255394072,"LINESTRING (-111.9393014 33.4304189,-111.9391062 33.4156986)"
1,A1,22,E2,1.481307422831414,"LINESTRING (-111.9393014 33.4304189,-111.9345397 33.4158241)"
1,A1,23,E3,1.7688948400733464,"LINESTRING (-111.9393014 33.4304189,-111.9289322 33.4153008)"
1,A1,24,E4,2.011411980902,"LINESTRING (-111.9393014 33.4304189,-111.9246607 33.4155799)"
1,A1,25,E5,2.3844113538979843,"LINESTRING (-111.9393014 33.4304189,-111.9191391 33.4161313)"
2,A2,1,A1,0.5016753797903459,"LINESTRING (-111.9341051 33.4305945,-111.9393014 33.4304189)"
2,A2,2,A2,0.0,"LINESTRING (-111.9341051 33.4305945,-111.9341051 33.4305945)"
2,A2,3,A3,0.42524704779431693,"LINESTRING (-111.9341051 33.4305945,-111.9298696 33.4293767)"
2,A2,4,A4,0.8114944881864282,"LINESTRING (-111.9341051 33.4305945,-111.9257043 33.4301988)"
2,A2,5,A5,1.603269993067113,"LINESTRING (-111.9341051 33.4305945,-111.9174898 33.430456)"
2,A2,6,B1,0.6686927057575752,"LINESTRING (-111.9341051 33.4305945,-111.939441 33.4261723)"
2,A2,7,B2,0.43618432486716474,"LINESTRING (-111.9341051 33.4305945,-111.9346483 33.4261067)"
2,A2,8,B3,0.6778828235674699,"LINESTRING (-111.9341051 33.4305945,-111.92888 33.4258983)"
2,A2,9,B4,1.095383328046073,"LINESTRING (-111.9341051 33.4305945,-111.9238188 33.4257917)"
2,A2,10,B5,1.5796455531221028,"LINESTRING (-111.9341051 33.4305945,-111.9180745 33.4272732)"
2,A2,11,C1,0.8556281202287531,"LINESTRING (-111.9341051 33.4305945,-111.938754 33.4230432)"
2,A2,12,C2,0.7753950374211964,"LINESTRING (-111.9341051 33.4305945,-111.9337901 33.4225646)"
2,A2,13,C3,0.8677272856752732,"LINESTRING (-111.9341051 33.4305945,-111.9299931 33.4225967)"
2,A2,14,C4,1.2839624679489483,"LINESTRING (-111.9341051 33.4305945,-111.9237867 33.4221922)"
2,A2,15,C5,1.6030847003227395,"LINESTRING (-111.9341051 33.4305945,-111.9197249 33.4222738)"
2,A2,16,D1,1.2125996777148644,"LINESTRING (-111.9341051 33.4305945,-111.9387 33.4188975)"
2,A2,17,D2,1.0729564140211163,"LINESTRING (-111.9341051 33.4305945,-111.9341013 33.4194746)"
2,A2,18,D3,1.1548577200113295,"LINESTRING (-111.9341051 33.4305945,-111.9295967 33.4195074)"
2,A2,19,D4,1.4930507251358505,"LINESTRING (-111.9341051 33.4305945,-111.9237767 33.4190725)"
2,A2,20,D5,1.8186991922134945,"LINESTRING (-111.9341051 33.4305945,-111.919109 33.4191759)"
2,A2,21,E1,1.51613954236183,"LINESTRING (-111.9341051 33.4305945,-111.9391062 33.4156986)"
2,A2,22,E2,1.425806204093358,"LINESTRING (-111.9341051 33.4305945,-111.9345397 33.4158241)"
2,A2,23,E3,1.5578114586555847,"LINESTRING (-111.9341051 33.4305945,-111.9289322 33.4153008)"
2,A2,24,E4,1.7115361454219078,"LINESTRING (-111.9341051 33.4305945,-111.9246607 33.4155799)"
2,A2,25,E5,2.0082151021200882,"LINESTRING (-111.9341051 33.4305945,-111.9191391 33.4161313)"
3,A3,1,A1,0.9156190869400964,"LINESTRING (-111.9298696 33.4293767,-111.9393014 33.4304189)"
3,A3,2,A2,0.42524704779431693,"LINESTRING (-111.9298696 33.4293767,-111.9341051 33.4305945)"
3,A3,3,A3,0.0,"LINESTRING (-111.9298696 33.4293767,-111.9298696 33.4293767)"
3,A3,4,A4,0.40965930313292354,"LINESTRING (-111.9298696 33.4293767,-111.9257043 33.4301988)"
3,A3,5,A5,1.1990558175571777,"LINESTRING (-111.9298696 33.4293767,-111.9174898 33.430456)"
3,A3,6,B1,0.9739331021850746,"LINESTRING (-111.9298696 33.4293767,-111.939441 33.4261723)"
3,A3,7,B2,0.5587188429539467,"LINESTRING (-111.9298696 33.4293767,-111.9346483 33.4261067)"
3,A3,8,B3,0.3489474384934371,"LINESTRING (-111.9298696 33.4293767,-111.92888 33.4258983)"
3,A3,9,B4,0.6786169209870572,"LINESTRING (-111.9298696 33.4293767,-111.9238188 33.4257917)"
3,A3,10,B5,1.1560625597045748,"LINESTRING (-111.9298696 33.4293767,-111.9180745 33.4272732)"
3,A3,11,C1,1.0527847715865604,"LINESTRING (-111.9298696 33.4293767,-111.938754 33.4230432)"
3,A3,12,C2,0.7583783865172583,"LINESTRING (-111.9298696 33.4293767,-111.9337901 33.4225646)"
3,A3,13,C3,0.6543045375175348,"LINESTRING (-111.9298696 33.4293767,-111.9299931 33.4225967)"
3,A3,14,C4,0.9083280643949103,"LINESTRING (-111.9298696 33.4293767,-111.9237867 33.4221922)"
3,A3,15,C5,1.194939134463305,"LINESTRING (-111.9298696 33.4293767,-111.9197249 33.4222738)"
3,A3,16,D1,1.3222644263077565,"LINESTRING (-111.9298696 33.4293767,-111.9387 33.4188975)"
3,A3,17,D2,1.0390455393030622,"LINESTRING (-111.9298696 33.4293767,-111.9341013 33.4194746)"
3,A3,18,D3,0.9526506745333103,"LINESTRING (-111.9298696 33.4293767,-111.9295967 33.4195074)"
3,A3,19,D4,1.1550610184631043,"LINESTRING (-111.9298696 33.4293767,-111.9237767 33.4190725)"
3,A3,20,D5,1.4306778730552414,"LINESTRING (-111.9298696 33.4293767,-111.919109 33.4191759)"
3,A3,21,E1,1.5925334371049358,"LINESTRING (-111.9298696 33.4293767,-111.9391062 33.4156986)"
3,A3,22,E2,1.3831483797219297,"LINESTRING (-111.9298696 33.4293767,-111.9345397 33.4158241)"
3,A3,23,E3,1.361185349104717,"LINESTRING (-111.9298696 33.4293767,-111.9289322 33.4153008)"
3,A3,24,E4,1.4229710785027416,"LINESTRING (-111.9298696 33.4293767,-111.9246607 33.4155799)"
3,A3,25,E5,1.6448205562684843,"LINESTRING (-111.9298696 33.4293767,-111.9191391 33.4161313)"
4,A4,1,A1,1.3121571342667633,"LINESTRING (-111.9257043 33.4301988,-111.9393014 33.4304189)"
4,A4,2,A2,0.8114944881864282,"LINESTRING (-111.9257043 33.4301988,-111.9341051 33.4305945)"
4,A4,3,A3,0.40965930313292354,"LINESTRING (-111.9257043 33.4301988,-111.9298696 33.4293767)"
4,A4,4,A4,0.0,"LINESTRING (-111.9257043 33.4301988,-111.9257043 33.4301988)"
4,A4,5,A5,0.7930070799030027,"LINESTRING (-111.9257043 33.4301988,-111.9174898 33.430456)"
4,A4,6,B1,1.3812245034820807,"LINESTRING (-111.9257043 33.4301988,-111.939441 33.4261723)"
4,A4,7,B2,0.949043454545943,"LINESTRING (-111.9257043 33.4301988,-111.9346483 33.4261067)"
4,A4,8,B3,0.5158282617684139,"LINESTRING (-111.9257043 33.4301988,-111.92888 33.4258983)"
4,A4,9,B4,0.462524348265454,"LINESTRING (-111.9257043 33.4301988,-111.9238188 33.4257917)"
4,A4,10,B5,0.7884662965825756,"LINESTRING (-111.9257043 33.4301988,-111.9180745 33.4272732)"
4,A4,11,C1,1.4360386132737724,"LINESTRING (-111.9257043 33.4301988,-111.938754 33.4230432)"
4,A4,12,C2,1.0729920500438945,"LINESTRING (-111.9257043 33.4301988,-111.9337901 33.4225646)"
4,A4,13,C3,0.8422017526583383,"LINESTRING (-111.9257043 33.4301988,-111.9299931 33.4225967)"
4,A4,14,C4,0.7944039058910969,"LINESTRING (-111.9257043 33.4301988,-111.9237867 33.4221922)"
4,A4,15,C5,0.9579220379026769,"LINESTRING (-111.9257043 33.4301988,-111.9197249 33.4222738)"
4,A4,16,D1,1.6617785640962803,"LINESTRING (-111.9257043 33.4301988,-111.9387 33.4188975)"
4,A4,17,D2,1.3142431730853597,"LINESTRING (-111.9257043 33.4301988,-111.9341013 33.4194746)"
4,A4,18,D3,1.097853152112791,"LINESTRING (-111.9257043 33.4301988,-111.9295967 33.4195074)"
4,A4,19,D4,1.0895698578377362,"LINESTRING (-111.9257043 33.4301988,-111.9237767 33.4190725)"
4,A4,20,D5,1.2394454935877512,"LINESTRING (-111.9257043 33.4301988,-111.919109 33.4191759)"
4,A4,21,E1,1.9051928808371492,"LINESTRING (-111.9257043 33.4301988,-111.9391062 33.4156986)"
4,A4,22,E2,1.6280667628292138,"LINESTRING (-111.9257043 33.4301988,-111.9345397 33.4158241)"
4,A4,23,E3,1.4708565668534943,"LINESTRING (-111.9257043 33.4301988,-111.9289322 33.4153008)"
4,A4,24,E4,1.4141697398760025,"LINESTRING (-111.9257043 33.4301988,-111.9246607 33.4155799)"
4,A4,25,E5,1.4979201236663222,"LINESTRING (-111.9257043 33.4301988,-111.9191391 33.4161313)"
5,A5,1,A1,2.1046067454101136,"LINESTRING (-111.9174898 33.430456,-111.9393014 33.4304189)"
5,A5,2,A2,1.603269993067113,"LINESTRING (-111.9174898 33.430456,-111.9341051 33.4305945)"
5,A5,3,A3,1.1990558175571777,"LINESTRING (-111.9174898 33.430456,-111.9298696 33.4293767)"
5,A5,4,A4,0.7930070799030027,"LINESTRING (-111.9174898 33.430456,-111.9257043 33.4301988)"
5,A5,5,A5,0.0,"LINESTRING (-111.9174898 33.430456,-111.9174898 33.430456)"
5,A5,6,B1,2.1580299976762887,"LINESTRING (-111.9174898 33.430456,-111.939441 33.4261723)"
5,A5,7,B2,1.7079860363930766,"LINESTRING (-111.9174898 33.430456,-111.9346483 33.4261067)"
5,A5,8,B3,1.1837585963508674,"LINESTRING (-111.9174898 33.430456,-111.92888 33.4258983)"
5,A5,9,B4,0.7586168595173287,"LINESTRING (-111.9174898 33.430456,-111.9238188 33.4257917)"
5,A5,10,B5,0.31225158020992044,"LINESTRING (-111.9174898 33.430456,-111.9180745 33.4272732)"
5,A5,11,C1,2.1728834119767555,"LINESTRING (-111.9174898 33.430456,-111.938754 33.4230432)"
5,A5,12,C2,1.7474366315512555,"LINESTRING (-111.9174898 33.430456,-111.9337901 33.4225646)"
5,A5,13,C3,1.424986924337289,"LINESTRING (-111.9174898 33.430456,-111.9299931 33.4225967)"
5,A5,14,C4,1.002485045933678,"LINESTRING (-111.9174898 33.430456,-111.9237867 33.4221922)"
5,A5,15,C5,0.8184307990613988,"LINESTRING (-111.9174898 33.430456,-111.9197249 33.4222738)"
5,A5,16,D1,2.3307333307766926,"LINESTRING (-111.9174898 33.430456,-111.9387 33.4188975)"
5,A5,17,D2,1.9214244941908243,"LINESTRING (-111.9174898 33.430456,-111.9341013 33.4194746)"
5,A5,18,D3,1.5750343254706014,"LINESTRING (-111.9174898 33.430456,-111.9295967 33.4195074)"
5,A5,19,D4,1.254778776406531,"LINESTRING (-111.9174898 33.430456,-111.9237767 33.4190725)"
5,A5,20,D5,1.0995748566586216,"LINESTRING (-111.9174898 33.430456,-111.919109 33.4191759)"
5,A5,21,E1,2.5254748170924426,"LINESTRING (-111.9174898 33.430456,-111.9391062 33.4156986)"
5,A5,22,E2,2.1678972438486555,"LINESTRING (-111.9174898 33.430456,-111.9345397 33.4158241)"
5,A5,23,E3,1.832314611552073,"LINESTRING (-111.9174898 33.430456,-111.9289322 33.4153008)"
5,A5,24,E4,1.59346727208409,"LINESTRING (-111.9174898 33.430456,-111.9246607 33.4155799)"
5,A5,25,E5,1.3913286619619947,"LINESTRING (-111.9174898 33.430456,-111.9191391 33.4161313)"
6,B1,1,A1,0.4099764116258566,"LINESTRING (-111.939441 33.4261723,-111.9393014 33.4304189)"
6,B1,2,A2,0.6686927057575752,"LINESTRING (-111.939441 33.4261723,-111.9341051 33.4305945)"
6,B1,3,A3,0.9739331021850746,"LINESTRING (-111.939441 33.4261723,-111.9298696 33.4293767)"
6,B1,4,A4,1.3812245034820807,"LINESTRING (-111.939441 33.4261723,-111.9257043 33.4301988)"
6,B1,5,A5,2.1580299976762887,"LINESTRING (-111.939441 33.4261723,-111.9174898 33.430456)"
6,B1,6,B1,0.0,"LINESTRING (-111.939441 33.4261723,-111.939441 33.4261723)"
6,B1,7,B2,0.4624939306236875,"LINESTRING (-111.939441 33.4261723,-111.9346483 33.4261067)"
6,B1,8,B3,1.0193825774798588,"LINESTRING (-111.939441 33.4261723,-111.92888 33.4258983)"
6,B1,9,B4,1.5078339173266493,"LINESTRING (-111.939441 33.4261723,-111.9238188 33.4257917)"
6,B1,10,B5,2.064392964763818,"LINESTRING (-111.939441 33.4261723,-111.9180745 33.4272732)"
6,B1,11,C1,0.3091155040200984,"LINESTRING (-111.939441 33.4261723,-111.938754 33.4230432)"
6,B1,12,C2,0.6469073346072493,"LINESTRING (-111.939441 33.4261723,-111.9337901 33.4225646)"
6,B1,13,C3,0.9747343176865577,"LINESTRING (-111.939441 33.4261723,-111.9299931 33.4225967)"
6,B1,14,C4,1.5585433886868172,"LINESTRING (-111.939441 33.4261723,-111.9237867 33.4221922)"
6,B1,15,C5,1.9392450216806765,"LINESTRING (-111.939441 33.4261723,-111.9197249 33.4222738)"
6,B1,16,D1,0.705580539453569,"LINESTRING (-111.939441 33.4261723,-111.9387 33.4188975)"
6,B1,17,D2,0.8265082552568985,"LINESTRING (-111.939441 33.4261723,-111.9341013 33.4194746)"
6,B1,18,D3,1.1471050775200162,"LINESTRING (-111.939441 33.4261723,-111.9295967 33.4195074)"
6,B1,19,D4,1.6594601419706645,"LINESTRING (-111.939441 33.4261723,-111.9237767 33.4190725)"
6,B1,20,D5,2.0747449256485115,"LINESTRING (-111.939441 33.4261723,-111.919109 33.4191759)"
6,B1,21,E1,1.011120298357768,"LINESTRING (-111.939441 33.4261723,-111.9391062 33.4156986)"
6,B1,22,E2,1.1048332808967452,"LINESTRING (-111.939441 33.4261723,-111.9345397 33.4158241)"
6,B1,23,E3,1.45896329630495,"LINESTRING (-111.939441 33.4261723,-111.9289322 33.4153008)"
6,B1,24,E4,1.7545744831752972,"LINESTRING (-111.939441 33.4261723,-111.9246607 33.4155799)"
6,B1,25,E5,2.185435581185557,"LINESTRING (-111.939441 33.4261723,-111.9191391 33.4161313)"
7,B2,1,A1,0.612134491683266,"LINESTRING (-111.9346483 33.4261067,-111.9393014 33.4304189)"
7,B2,2,A2,0.43618432486716474,"LINESTRING (-111.9346483 33.4261067,-111.9341051 33.4305945)"
7,B2,3,A3,0.5587188429539467,"LINESTRING (-111.9346483 33.4261067,-111.9298696 33.4293767)"
7,B2,4,A4,0.949043454545943,"LINESTRING (-111.9346483 33.4261067,-111.9257043 33.4301988)"
7,B2,5,A5,1.7079860363930766,"LINESTRING (-111.9346483 33.4261067,-111.9174898 33.430456)"
7,B2,6,B1,0.4624939306236875,"LINESTRING (-111.9346483 33.4261067,-111.939441 33.4261723)"
7,B2,7,B2,0.0,"LINESTRING (-111.9346483 33.4261067,-111.9346483 33.4261067)"
7,B2,8,B3,0.5569521803220365,"LINESTRING (-111.9346483 33.4261067,-111.92888 33.4258983)"
7,B2,9,B4,1.0453779747401821,"LINESTRING (-111.9346483 33.4261067,-111.9238188 33.4257917)"
7,B2,10,B5,1.6031636436350865,"LINESTRING (-111.9346483 33.4261067,-111.9180745 33.4272732)"
7,B2,11,C1,0.4942856774316867,"LINESTRING (-111.9346483 33.4261067,-111.938754 33.4230432)"
7,B2,12,C2,0.35166445487258696,"LINESTRING (-111.9346483 33.4261067,-111.9337901 33.4225646)"
7,B2,13,C3,0.5625547813766967,"LINESTRING (-111.9346483 33.4261067,-111.9299931 33.4225967)"
7,B2,14,C4,1.11402191000657,"LINESTRING (-111.9346483 33.4261067,-111.9237867 33.4221922)"
7,B2,15,C5,1.486696555293655,"LINESTRING (-111.9346483 33.4261067,-111.9197249 33.4222738)"
7,B2,16,D1,0.7979492858080672,"LINESTRING (-111.9346483 33.4261067,-111.9387 33.4188975)"
7,B2,17,D2,0.6421049915286077,"LINESTRING (-111.9346483 33.4261067,-111.9341013 33.4194746)"
7,B2,18,D3,0.8019113511637994,"LINESTRING (-111.9346483 33.4261067,-111.9295967 33.4195074)"
7,B2,19,D4,1.2494351093981924,"LINESTRING (-111.9346483 33.4261067,-111.9237767 33.4190725)"
7,B2,20,D5,1.6417698878376041,"LINESTRING (-111.9346483 33.4261067,-111.919109 33.4191759)"
7,B2,21,E1,1.0925132003680122,"LINESTRING (-111.9346483 33.4261067,-111.9391062 33.4156986)"
7,B2,22,E2,0.9922207427164093,"LINESTRING (-111.9346483 33.4261067,-111.9345397 33.4158241)"
7,B2,23,E3,1.1795519043739662,"LINESTRING (-111.9346483 33.4261067,-111.9289322 33.4153008)"
7,B2,24,E4,1.40015747739806,"LINESTRING (-111.9346483 33.4261067,-111.9246607 33.4155799)"
7,B2,25,E5,1.7793084538585033,"LINESTRING (-111.9346483 33.4261067,-111.9191391 33.4161313)"
8,B3,1,A1,1.0960982495721365,"LINESTRING (-111.92888 33.4258983,-111.9393014 33.4304189)"
8,B3,2,A2,0.6778828235674699,"LINESTRING (-111.92888 33.4258983,-111.9341051 33.4305945)"
8,B3,3,A3,0.3489474384934371,"LINESTRING (-111.92888 33.4258983,-111.9298696 33.4293767)"
8,B3,4,A4,0.5158282617684139,"LINESTRING (-111.92888 33.4258983,-111.9257043 33.4301988)"
8,B3,5,A5,1.1837585963508674,"LINESTRING (-111.92888 33.4258983,-111.9174898 33.430456)"
8,B3,6,B1,1.0193825774798588,"LINESTRING (-111.92888 33.4258983,-111.939441 33.4261723)"
8,B3,7,B2,0.5569521803220365,"LINESTRING (-111.92888 33.4258983,-111.9346483 33.4261067)"
8,B3,8,B3,0.0,"LINESTRING (-111.92888 33.4258983,-111.92888 33.4258983)"
8,B3,9,B4,0.4884552661278231,"LINESTRING (-111.92888 33.4258983,-111.9238188 33.4257917)"
8,B3,10,B5,1.051024879771279,"LINESTRING (-111.92888 33.4258983,-111.9180745 33.4272732)"
8,B3,11,C1,0.9917775477561762,"LINESTRING (-111.92888 33.4258983,-111.938754 33.4230432)"
8,B3,12,C2,0.5726543467348829,"LINESTRING (-111.92888 33.4258983,-111.9337901 33.4225646)"
8,B3,13,C3,0.33618634328691316,"LINESTRING (-111.92888 33.4258983,-111.9299931 33.4225967)"
8,B3,14,C4,0.6077819488234361,"LINESTRING (-111.92888 33.4258983,-111.9237867 33.4221922)"
8,B3,15,C5,0.9500817927979891,"LINESTRING (-111.92888 33.4258983,-111.9197249 33.4222738)"
8,B3,16,D1,1.1636732786143682,"LINESTRING (-111.92888 33.4258983,-111.9387 33.4188975)"
8,B3,17,D2,0.7987530921084501,"LINESTRING (-111.92888 33.4258983,-111.9341013 33.4194746)"
8,B3,18,D3,0.6205242998431444,"LINESTRING (-111.92888 33.4258983,-111.9295967 33.4195074)"
8,B3,19,D4,0.8223486331177375,"LINESTRING (-111.92888 33.4258983,-111.9237767 33.4190725)"
8,B3,20,D5,1.1443848196081066,"LINESTRING (-111.92888 33.4258983,-111.919109 33.4191759)"
8,B3,21,E1,1.393632882912816,"LINESTRING (-111.92888 33.4258983,-111.9391062 33.4156986)"
8,B3,22,E2,1.1149571640354885,"LINESTRING (-111.92888 33.4258983,-111.9345397 33.4158241)"
8,B3,23,E3,1.0225609701076879,"LINESTRING (-111.92888 33.4258983,-111.9289322 33.4153008)"
8,B3,24,E4,1.0756453353458553,"LINESTRING (-111.92888 33.4258983,-111.9246607 33.4155799)"
8,B3,25,E5,1.3310019637562873,"LINESTRING (-111.92888 33.4258983,-111.9191391 33.4161313)"
9,B4,1,A1,1.5592069269927944,"LINESTRING (-111.9238188 33.4257917,-111.9393014 33.4304189)"
9,B4,2,A2,1.095383328046073,"LINESTRING (-111.9238188 33.4257917,-111.9341051 33.4305945)"
9,B4,3,A3,0.6786169209870572,"LINESTRING (-111.9238188 33.4257917,-111.9298696 33.4293767)"
9,B4,4,A4,0.462524348265454,"LINESTRING (-111.9238188 33.4257917,-111.9257043 33.4301988)"
9,B4,5,A5,0.7586168595173287,"LINESTRING (-111.9238188 33.4257917,-111.9174898 33.430456)"
9,B4,6,B1,1.5078339173266493,"LINESTRING (-111.9238188 33.4257917,-111.939441 33.4261723)"
9,B4,7,B2,1.0453779747401821,"LINESTRING (-111.9238188 33.4257917,-111.9346483 33.4261067)"
9,B4,8,B3,0.4884552661278231,"LINESTRING (-111.9238188 33.4257917,-111.92888 33.4258983)"
9,B4,9,B4,0.0,"LINESTRING (-111.9238188 33.4257917,-111.9238188 33.4257917)"
9,B4,10,B5,0.572409231670524,"LINESTRING (-111.9238188 33.4257917,-111.9180745 33.4272732)"
9,B4,11,C1,1.465294289939746,"LINESTRING (-111.9238188 33.4257917,-111.938754 33.4230432)"
9,B4,12,C2,1.0112555311131413,"LINESTRING (-111.9238188 33.4257917,-111.9337901 33.4225646)"
9,B4,13,C3,0.6707885694129865,"LINESTRING (-111.9238188 33.4257917,-111.9299931 33.4225967)"
9,B4,14,C4,0.34732737081807474,"LINESTRING (-111.9238188 33.4257917,-111.9237867 33.4221922)"
9,B4,15,C5,0.5208304859602709,"LINESTRING (-111.9238188 33.4257917,-111.9197249 33.4222738)"
9,B4,16,D1,1.582490871347163,"LINESTRING (-111.9238188 33.4257917,-111.9387 33.4188975)"
9,B4,17,D2,1.1644359960905173,"LINESTRING (-111.9238188 33.4257917,-111.9341013 33.4194746)"
9,B4,18,D3,0.8237093819762483,"LINESTRING (-111.9238188 33.4257917,-111.9295967 33.4195074)"
9,B4,19,D4,0.6483478063301682,"LINESTRING (-111.9238188 33.4257917,-111.9237767 33.4190725)"
9,B4,20,D5,0.7835994814614846,"LINESTRING (-111.9238188 33.4257917,-111.919109 33.4191759)"
9,B4,21,E1,1.7675641951916354,"LINESTRING (-111.9238188 33.4257917,-111.9391062 33.4156986)"
9,B4,22,E2,1.412479972234947,"LINESTRING (-111.9238188 33.4257917,-111.9345397 33.4158241)"
9,B4,23,E3,1.1261000793380775,"LINESTRING (-111.9238188 33.4257917,-111.9289322 33.4153008)"
9,B4,24,E4,0.9886811966904323,"LINESTRING (-111.9238188 33.4257917,-111.9246607 33.4155799)"
9,B4,25,E5,1.0357466779495528,"LINESTRING (-111.9238188 33.4257917,-111.9191391 33.4161313)"
10,B5,1,A1,2.0705545891119983,"LINESTRING (-111.9180745 33.4272732,-111.9393014 33.4304189)"
10,B5,2,A2,1.5796455531221028,"LINESTRING (-111.9180745 33.4272732,-111.9341051 33.4305945)"
10,B5,3,A3,1.1560625597045748,"LINESTRING (-111.9180745 33.4272732,-111.9298696 33.4293767)"
10,B5,4,A4,0.7884662965825756,"LINESTRING (-111.9180745 33.4272732,-111.9257043 33.4301988)"
10,B5,5,A5,0.31225158020992044,"LINESTRING (-111.9180745 33.4272732,-111.9174898 33.430456)"
10,B5,6,B1,2.064392964763818,"LINESTRING (-111.9180745 33.4272732,-111.939441 33.4261723)"
10,B5,7,B2,1.6031636436350865,"LINESTRING (-111.9180745 33.4272732,-111.9346483 33.4261067)"
10,B5,8,B3,1.051024879771279,"LINESTRING (-111.9180745 33.4272732,-111.92888 33.4258983)"
10,B5,9,B4,0.572409231670524,"LINESTRING (-111.9180745 33.4272732,-111.9238188 33.4257917)"
10,B5,10,B5,0.0,"LINESTRING (-111.9180745 33.4272732,-111.9180745 33.4272732)"
10,B5,11,C1,2.0366830714350765,"LINESTRING (-111.9180745 33.4272732,-111.938754 33.4230432)"
10,B5,12,C2,1.5829939198661112,"LINESTRING (-111.9180745 33.4272732,-111.9337901 33.4225646)"
10,B5,13,C3,1.2353806168677908,"LINESTRING (-111.9180745 33.4272732,-111.9299931 33.4225967)"
10,B5,14,C4,0.7376653796956374,"LINESTRING (-111.9180745 33.4272732,-111.9237867 33.4221922)"
10,B5,15,C5,0.5079978763148718,"LINESTRING (-111.9180745 33.4272732,-111.9197249 33.4222738)"
10,B5,16,D1,2.1479890258750065,"LINESTRING (-111.9180745 33.4272732,-111.9387 33.4188975)"
10,B5,17,D2,1.7197913459306358,"LINESTRING (-111.9180745 33.4272732,-111.9341013 33.4194746)"
10,B5,18,D3,1.3407205267375382,"LINESTRING (-111.9180745 33.4272732,-111.9295967 33.4195074)"
10,B5,19,D4,0.9637728461418259,"LINESTRING (-111.9180745 33.4272732,-111.9237767 33.4190725)"
10,B5,20,D5,0.7876567096183814,"LINESTRING (-111.9180745 33.4272732,-111.919109 33.4191759)"
10,B5,21,E1,2.316366888782816,"LINESTRING (-111.9180745 33.4272732,-111.9391062 33.4156986)"
10,B5,22,E2,1.9350621340164995,"LINESTRING (-111.9180745 33.4272732,-111.9345397 33.4158241)"
10,B5,23,E3,1.559519891757007,"LINESTRING (-111.9180745 33.4272732,-111.9289322 33.4153008)"
10,B5,24,E4,1.2949537839092367,"LINESTRING (-111.9180745 33.4272732,-111.9246607 33.4155799)"
10,B5,25,E5,1.079981336497395,"LINESTRING (-111.9180745 33.4272732,-111.9191391 33.4161313)"
11,C1,1,A1,0.7136360788634615,"LINESTRING (-111.938754 33.4230432,-111.9393014 33.4304189)"
11,C1,2,A2,0.8556281202287531,"LINESTRING (-111.938754 33.4230432,-111.9341051 33.4305945)"
11,C1,3,A3,1.0527847715865604,"LINESTRING (-111.938754 33.4230432,-111.9298696 33.4293767)"
11,C1,4,A4,1.4360386132737724,"LINESTRING (-111.938754 33.4230432,-111.9257043 33.4301988)"
11,C1,5,A5,2.1728834119767555,"LINESTRING (-111.938754 33.4230432,-111.9174898 33.430456)"
11,C1,6,B1,0.3091155040200984,"LINESTRING (-111.938754 33.4230432,-111.939441 33.4261723)"
11,C1,7,B2,0.4942856774316867,"LINESTRING (-111.938754 33.4230432,-111.9346483 33.4261067)"
11,C1,8,B3,0.9917775477561762,"LINESTRING (-111.938754 33.4230432,-111.92888 33.4258983)"
11,C1,9,B4,1.465294289939746,"LINESTRING (-111.938754 33.4230432,-111.9238188 33.4257917)"
11,C1,10,B5,2.0366830714350765,"LINESTRING (-111.938754 33.4230432,-111.9180745 33.4272732)"
11,C1,11,C1,0.0,"LINESTRING (-111.938754 33.4230432,-111.938754 33.4230432)"
11,C1,12,C2,0.4811939209120249,"LINESTRING (-111.938754 33.4230432,-111.9337901 33.4225646)"
11,C1,13,C3,0.8464410437344865,"LINESTRING (-111.938754 33.4230432,-111.9299931 33.4225967)"
11,C1,14,C4,1.4465290398381916,"LINESTRING (-111.938754 33.4230432,-111.9237867 33.4221922)"
11,C1,15,C5,1.8376214345551292,"LINESTRING (-111.938754 33.4230432,-111.9197249 33.4222738)"
11,C1,16,D1,0.40005823314821,"LINESTRING (-111.938754 33.4230432,-111.9387 33.4188975)"
11,C1,17,D2,0.5657867948731414,"LINESTRING (-111.938754 33.4230432,-111.9341013 33.4194746)"
11,C1,18,D3,0.9471711888794141,"LINESTRING (-111.938754 33.4230432,-111.9295967 33.4195074)"
11,C1,19,D4,1.4950910294164286,"LINESTRING (-111.938754 33.4230432,-111.9237767 33.4190725)"
11,C1,20,D5,1.9319341208250767,"LINESTRING (-111.938754 33.4230432,-111.919109 33.4191759)"
11,C1,21,E1,0.70949424407411,"LINESTRING (-111.938754 33.4230432,-111.9391062 33.4156986)"
11,C1,22,E2,0.8065781087144368,"LINESTRING (-111.938754 33.4230432,-111.9345397 33.4158241)"
11,C1,23,E3,1.2067561140837797,"LINESTRING (-111.938754 33.4230432,-111.9289322 33.4153008)"
11,C1,24,E4,1.5387760111904838,"LINESTRING (-111.938754 33.4230432,-111.9246607 33.4155799)"
11,C1,25,E5,2.006718568855985,"LINESTRING (-111.938754 33.4230432,-111.9191391 33.4161313)"
12,C2,1,A1,0.9258258853885176,"LINESTRING (-111.9337901 33.4225646,-111.9393014 33.4304189)"
12,C2,2,A2,0.7753950374211964,"LINESTRING (-111.9337901 33.4225646,-111.9341051 33.4305945)"
12,C2,3,A3,0.7583783865172583,"LINESTRING (-111.9337901 33.4225646,-111.9298696 33.4293767)"
12,C2,4,A4,1.0729920500438945,"LINESTRING (-111.9337901 33.4225646,-111.9257043 33.4301988)"
12,C2,5,A5,1.7474366315512555,"LINESTRING (-111.9337901 33.4225646,-111.9174898 33.430456)"
12,C2,6,B1,0.6469073346072493,"LINESTRING (-111.9337901 33.4225646,-111.939441 33.4261723)"
12,C2,7,B2,0.35166445487258696,"LINESTRING (-111.9337901 33.4225646,-111.9346483 33.4261067)"
12,C2,8,B3,0.5726543467348829,"LINESTRING (-111.9337901 33.4225646,-111.92888 33.4258983)"
12,C2,9,B4,1.0112555311131413,"LINESTRING (-111.9337901 33.4225646,-111.9238188 33.4257917)"
12,C2,10,B5,1.5829939198661112,"LINESTRING (-111.9337901 33.4225646,-111.9180745 33.4272732)"
12,C2,11,C1,0.4811939209120249,"LINESTRING (-111.9337901 33.4225646,-111.938754 33.4230432)"
12,C2,12,C2,0.0,"LINESTRING (-111.9337901 33.4225646,-111.9337901 33.4225646)"
12,C2,13,C3,0.36638425034015526,"LINESTRING (-111.9337901 33.4225646,-111.9299931 33.4225967)"
12,C2,14,C4,0.9658923326534413,"LINESTRING (-111.9337901 33.4225646,-111.9237867 33.4221922)"
12,C2,15,C5,1.357438396554162,"LINESTRING (-111.9337901 33.4225646,-111.9197249 33.4222738)"
12,C2,16,D1,0.591314158760619,"LINESTRING (-111.9337901 33.4225646,-111.9387 33.4188975)"
12,C2,17,D2,0.2996664694130049,"LINESTRING (-111.9337901 33.4225646,-111.9341013 33.4194746)"
12,C2,18,D3,0.5007363074280806,"LINESTRING (-111.9337901 33.4225646,-111.9295967 33.4195074)"
12,C2,19,D4,1.0232632763974352,"LINESTRING (-111.9337901 33.4225646,-111.9237767 33.4190725)"
12,C2,20,D5,1.4538275112883519,"LINESTRING (-111.9337901 33.4225646,-111.919109 33.4191759)"
12,C2,21,E1,0.8378688667893468,"LINESTRING (-111.9337901 33.4225646,-111.9391062 33.4156986)"
12,C2,22,E2,0.6544005793789627,"LINESTRING (-111.9337901 33.4225646,-111.9345397 33.4158241)"
12,C2,23,E3,0.8431796701708798,"LINESTRING (-111.9337901 33.4225646,-111.9289322 33.4153008)"
12,C2,24,E4,1.109139445829327,"LINESTRING (-111.9337901 33.4225646,-111.9246607 33.4155799)"
12,C2,25,E5,1.5439604102582123,"LINESTRING (-111.9337901 33.4225646,-111.9191391 33.4161313)"
13,C3,1,A1,1.1731840780442386,"LINESTRING (-111.9299931 33.4225967,-111.9393014 33.4304189)"
13,C3,2,A2,0.8677272856752732,"LINESTRING (-111.9299931 33.4225967,-111.9341051 33.4305945)"
13,C3,3,A3,0.6543045375175348,"LINESTRING (-111.9299931 33.4225967,-111.9298696 33.4293767)"
13,C3,4,A4,0.8422017526583383,"LINESTRING (-111.9299931 33.4225967,-111.9257043 33.4301988)"
13,C3,5,A5,1.424986924337289,"LINESTRING (-111.9299931 33.4225967,-111.9174898 33.430456)"
13,C3,6,B1,0.9747343176865577,"LINESTRING (-111.9299931 33.4225967,-111.939441 33.4261723)"
13,C3,7,B2,0.5625547813766967,"LINESTRING (-111.9299931 33.4225967,-111.9346483 33.4261067)"
13,C3,8,B3,0.33618634328691316,"LINESTRING (-111.9299931 33.4225967,-111.92888 33.4258983)"
13,C3,9,B4,0.6707885694129865,"LINESTRING (-111.9299931 33.4225967,-111.9238188 33.4257917)"
13,C3,10,B5,1.2353806168677908,"LINESTRING (-111.9299931 33.4225967,-111.9180745 33.4272732)"
13,C3,11,C1,0.8464410437344865,"LINESTRING (-111.9299931 33.4225967,-111.938754 33.4230432)"
13,C3,12,C2,0.36638425034015526,"LINESTRING (-111.9299931 33.4225967,-111.9337901 33.4225646)"
13,C3,13,C3,0.0,"LINESTRING (-111.9299931 33.4225967,-111.9299931 33.4225967)"
13,C3,14,C4,0.6001232358083862,"LINESTRING (-111.9299931 33.4225967,-111.9237867 33.4221922)"
13,C3,15,C5,0.9912670299640981,"LINESTRING (-111.9299931 33.4225967,-111.9197249 33.4222738)"
13,C3,16,D1,0.9128119243967969,"LINESTRING (-111.9299931 33.4225967,-111.9387 33.4188975)"
13,C3,17,D2,0.497888011044865,"LINESTRING (-111.9299931 33.4225967,-111.9341013 33.4194746)"
13,C3,18,D3,0.30053445278833346,"LINESTRING (-111.9299931 33.4225967,-111.9295967 33.4195074)"
13,C3,19,D4,0.6895092078710636,"LINESTRING (-111.9299931 33.4225967,-111.9237767 33.4190725)"
13,C3,20,D5,1.1008584330979612,"LINESTRING (-111.9299931 33.4225967,-111.919109 33.4191759)"
13,C3,21,E1,1.1028273391379513,"LINESTRING (-111.9299931 33.4225967,-111.9391062 33.4156986)"
13,C3,22,E2,0.7870889925438578,"LINESTRING (-111.9299931 33.4225967,-111.9345397 33.4158241)"
13,C3,23,E3,0.711384607192209,"LINESTRING (-111.9299931 33.4225967,-111.9289322 33.4153008)"
13,C3,24,E4,0.8503752420197122,"LINESTRING (-111.9299931 33.4225967,-111.9246607 33.4155799)"
13,C3,25,E5,1.2190316030587407,"LINESTRING (-111.9299931 33.4225967,-111.9191391 33.4161313)"
14,C4,1,A1,1.694450941026359,"LINESTRING (-111.9237867 33.4221922,-111.9393014 33.4304189)"
14,C4,2,A2,1.2839624679489483,"LINESTRING (-111.9237867 33.4221922,-111.9341051 33.4305945)"
14,C4,3,A3,0.9083280643949103,"LINESTRING (-111.9237867 33.4221922,-111.9298696 33.4293767)"
14,C4,4,A4,0.7944039058910969,"LINESTRING (-111.9237867 33.4221922,-111.9257043 33.4301988)"
14,C4,5,A5,1.002485045933678,"LINESTRING (-111.9237867 33.4221922,-111.9174898 33.430456)"
14,C4,6,B1,1.5585433886868172,"LINESTRING (-111.9237867 33.4221922,-111.939441 33.4261723)"
14,C4,7,B2,1.11402191000657,"LINESTRING (-111.9237867 33.4221922,-111.9346483 33.4261067)"
14,C4,8,B3,0.6077819488234361,"LINESTRING (-111.9237867 33.4221922,-111.92888 33.4258983)"
14,C4,9,B4,0.34732737081807474,"LINESTRING (-111.9237867 33.4221922,-111.9238188 33.4257917)"
14,C4,10,B5,0.7376653796956374,"LINESTRING (-111.9237867 33.4221922,-111.9180745 33.4272732)"
14,C4,11,C1,1.4465290398381916,"LINESTRING (-111.9237867 33.4221922,-111.938754 33.4230432)"
14,C4,12,C2,0.9658923326534413,"LINESTRING (-111.9237867 33.4221922,-111.9337901 33.4225646)"
14,C4,13,C3,0.6001232358083862,"LINESTRING (-111.9237867 33.4221922,-111.9299931 33.4225967)"
14,C4,14,C4,0.0,"LINESTRING (-111.9237867 33.4221922,-111.9237867 33.4221922)"
14,C4,15,C5,0.3920037519229532,"LINESTRING (-111.9237867 33.4221922,-111.9197249 33.4222738)"
14,C4,16,D1,1.4736811933392355,"LINESTRING (-111.9237867 33.4221922,-111.9387 33.4188975)"
14,C4,17,D2,1.0292227029020098,"LINESTRING (-111.9237867 33.4221922,-111.9341013 33.4194746)"
14,C4,18,D3,0.6175667465671496,"LINESTRING (-111.9237867 33.4221922,-111.9295967 33.4195074)"
14,C4,19,D4,0.30102306235205023,"LINESTRING (-111.9237867 33.4221922,-111.9237767 33.4190725)"
14,C4,20,D5,0.537055057805909,"LINESTRING (-111.9237867 33.4221922,-111.919109 33.4191759)"
14,C4,21,E1,1.605485717383132,"LINESTRING (-111.9237867 33.4221922,-111.9391062 33.4156986)"
14,C4,22,E2,1.2058521701055778,"LINESTRING (-111.9237867 33.4221922,-111.9345397 33.4158241)"
14,C4,23,E3,0.8298512360816684,"LINESTRING (-111.9237867 33.4221922,-111.9289322 33.4153008)"
14,C4,24,E4,0.6435742291709431,"LINESTRING (-111.9237867 33.4221922,-111.9246607 33.4155799)"
14,C4,25,E5,0.7369685681240907,"LINESTRING (-111.9237867 33.4221922,-111.9191391 33.4161313)"
15,C5,1,A1,2.045914309794283,"LINESTRING (-111.9197249 33.4222738,-111.9393014 33.4304189)"
15,C5,2,A2,1.6030847003227395,"LINESTRING (-111.9197249 33.4222738,-111.9341051 33.4305945)"
15,C5,3,A3,1.194939134463305,"LINESTRING (-111.9197249 33.4222738,-111.9298696 33.4293767)"
15,C5,4,A4,0.9579220379026769,"LINESTRING (-111.9197249 33.4222738,-111.9257043 33.4301988)"
15,C5,5,A5,0.8184307990613988,"LINESTRING (-111.9197249 33.4222738,-111.9174898 33.430456)"
15,C5,6,B1,1.9392450216806765,"LINESTRING (-111.9197249 33.4222738,-111.939441 33.4261723)"
15,C5,7,B2,1.486696555293655,"LINESTRING (-111.9197249 33.4222738,-111.9346483 33.4261067)"
15,C5,8,B3,0.9500817927979891,"LINESTRING (-111.9197249 33.4222738,-111.92888 33.4258983)"
15,C5,9,B4,0.5208304859602709,"LINESTRING (-111.9197249 33.4222738,-111.9238188 33.4257917)"
15,C5,10,B5,0.5079978763148718,"LINESTRING (-111.9197249 33.4222738,-111.9180745 33.4272732)"
15,C5,11,C1,1.8376214345551292,"LINESTRING (-111.9197249 33.4222738,-111.938754 33.4230432)"
15,C5,12,C2,1.357438396554162,"LINESTRING (-111.9197249 33.4222738,-111.9337901 33.4225646)"
15,C5,13,C3,0.9912670299640981,"LINESTRING (-111.9197249 33.4222738,-111.9299931 33.4225967)"
15,C5,14,C4,0.3920037519229532,"LINESTRING (-111.9197249 33.4222738,-111.9237867 33.4221922)"
15,C5,15,C5,0.0,"LINESTRING (-111.9197249 33.4222738,-111.9197249 33.4222738)"
15,C5,16,D1,1.8596652258365554,"LINESTRING (-111.9197249 33.4222738,-111.9387 33.4188975)"
15,C5,17,D2,1.4132331400028404,"LINESTRING (-111.9197249 33.4222738,-111.9341013 33.4194746)"
15,C5,18,D3,0.9892243341129269,"LINESTRING (-111.9197249 33.4222738,-111.9295967 33.4195074)"
15,C5,19,D4,0.49825944520239285,"LINESTRING (-111.9197249 33.4222738,-111.9237767 33.4190725)"
15,C5,20,D5,0.304765544081266,"LINESTRING (-111.9197249 33.4222738,-111.919109 33.4191759)"
15,C5,21,E1,1.97478717693578,"LINESTRING (-111.9197249 33.4222738,-111.9391062 33.4156986)"
15,C5,22,E2,1.5590734963715833,"LINESTRING (-111.9197249 33.4222738,-111.9345397 33.4158241)"
15,C5,23,E3,1.1144328544389146,"LINESTRING (-111.9197249 33.4222738,-111.9289322 33.4153008)"
15,C5,24,E4,0.8024997967515793,"LINESTRING (-111.9197249 33.4222738,-111.9246607 33.4155799)"
15,C5,25,E5,0.5953823908979388,"LINESTRING (-111.9197249 33.4222738,-111.9191391 33.4161313)"
16,D1,1,A1,1.11321666943189,"LINESTRING (-111.9387 33.4188975,-111.9393014 33.4304189)"
16,D1,2,A2,1.2125996777148644,"LINESTRING (-111.9387 33.4188975,-111.9341051 33.4305945)"
16,D1,3,A3,1.3222644263077565,"LINESTRING (-111.9387 33.4188975,-111.9298696 33.4293767)"
16,D1,4,A4,1.6617785640962803,"LINESTRING (-111.9387 33.4188975,-111.9257043 33.4301988)"
16,D1,5,A5,2.3307333307766926,"LINESTRING (-111.9387 33.4188975,-111.9174898 33.430456)"
16,D1,6,B1,0.705580539453569,"LINESTRING (-111.9387 33.4188975,-111.939441 33.4261723)"
16,D1,7,B2,0.7979492858080672,"LINESTRING (-111.9387 33.4188975,-111.9346483 33.4261067)"
16,D1,8,B3,1.1636732786143682,"LINESTRING (-111.9387 33.4188975,-111.92888 33.4258983)"
16,D1,9,B4,1.582490871347163,"LINESTRING (-111.9387 33.4188975,-111.9238188 33.4257917)"
16,D1,10,B5,2.1479890258750065,"LINESTRING (-111.9387 33.4188975,-111.9180745 33.4272732)"
16,D1,11,C1,0.40005823314821,"LINESTRING (-111.9387 33.4188975,-111.938754 33.4230432)"
16,D1,12,C2,0.591314158760619,"LINESTRING (-111.9387 33.4188975,-111.9337901 33.4225646)"
16,D1,13,C3,0.9128119243967969,"LINESTRING (-111.9387 33.4188975,-111.9299931 33.4225967)"
16,D1,14,C4,1.4736811933392355,"LINESTRING (-111.9387 33.4188975,-111.9237867 33.4221922)"
16,D1,15,C5,1.8596652258365554,"LINESTRING (-111.9387 33.4188975,-111.9197249 33.4222738)"
16,D1,16,D1,0.0,"LINESTRING (-111.9387 33.4188975,-111.9387 33.4188975)"
16,D1,17,D2,0.44720490966691623,"LINESTRING (-111.9387 33.4188975,-111.9341013 33.4194746)"
16,D1,18,D3,0.880346834941949,"LINESTRING (-111.9387 33.4188975,-111.9295967 33.4195074)"
16,D1,19,D4,1.4400504413260455,"LINESTRING (-111.9387 33.4188975,-111.9237767 33.4190725)"
16,D1,20,D5,1.8905305858758161,"LINESTRING (-111.9387 33.4188975,-111.919109 33.4191759)"
16,D1,21,E1,0.3111342372546259,"LINESTRING (-111.9387 33.4188975,-111.9391062 33.4156986)"
16,D1,22,E2,0.49908240454616926,"LINESTRING (-111.9387 33.4188975,-111.9345397 33.4158241)"
16,D1,23,E3,1.0043590976045198,"LINESTRING (-111.9387 33.4188975,-111.9289322 33.4153008)"
16,D1,24,E4,1.3919591084696505,"LINESTRING (-111.9387 33.4188975,-111.9246607 33.4155799)"
16,D1,25,E5,1.9062132855627747,"LINESTRING (-111.9387 33.4188975,-111.9191391 33.4161313)"
17,D2,1,A1,1.1691589761378858,"LINESTRING (-111.9341013 33.4194746,-111.9393014 33.4304189)"
17,D2,2,A2,1.0729564140211163,"LINESTRING (-111.9341013 33.4194746,-111.9341051 33.4305945)"
17,D2,3,A3,1.0390455393030622,"LINESTRING (-111.9341013 33.4194746,-111.9298696 33.4293767)"
17,D2,4,A4,1.3142431730853597,"LINESTRING (-111.9341013 33.4194746,-111.9257043 33.4301988)"
17,D2,5,A5,1.9214244941908243,"LINESTRING (-111.9341013 33.4194746,-111.9174898 33.430456)"
17,D2,6,B1,0.8265082552568985,"LINESTRING (-111.9341013 33.4194746,-111.939441 33.4261723)"
17,D2,7,B2,0.6421049915286077,"LINESTRING (-111.9341013 33.4194746,-111.9346483 33.4261067)"
17,D2,8,B3,0.7987530921084501,"LINESTRING (-111.9341013 33.4194746,-111.92888 33.4258983)"
17,D2,9,B4,1.1644359960905173,"LINESTRING (-111.9341013 33.4194746,-111.9238188 33.4257917)"
17,D2,10,B5,1.7197913459306358,"LINESTRING (-111.9341013 33.4194746,-111.9180745 33.4272732)"
17,D2,11,C1,0.5657867948731414,"LINESTRING (-111.9341013 33.4194746,-111.938754 33.4230432)"
17,D2,12,C2,0.2996664694130049,"LINESTRING (-111.9341013 33.4194746,-111.9337901 33.4225646)"
17,D2,13,C3,0.497888011044865,"LINESTRING (-111.9341013 33.4194746,-111.9299931 33.4225967)"
17,D2,14,C4,1.0292227029020098,"LINESTRING (-111.9341013 33.4194746,-111.9237867 33.4221922)"
17,D2,15,C5,1.4132331400028404,"LINESTRING (-111.9341013 33.4194746,-111.9197249 33.4222738)"
17,D2,16,D1,0.44720490966691623,"LINESTRING (-111.9341013 33.4194746,-111.9387 33.4188975)"
17,D2,17,D2,0.0,"LINESTRING (-111.9341013 33.4194746,-111.9341013 33.4194746)"
17,D2,18,D3,0.4346646865605184,"LINESTRING (-111.9341013 33.4194746,-111.9295967 33.4195074)"
17,D2,19,D4,0.9969822675643109,"LINESTRING (-111.9341013 33.4194746,-111.9237767 33.4190725)"
17,D2,20,D5,1.4469022834487442,"LINESTRING (-111.9341013 33.4194746,-111.919109 33.4191759)"
17,D2,21,E1,0.6049410021567949,"LINESTRING (-111.9341013 33.4194746,-111.9391062 33.4156986)"
17,D2,22,E2,0.3547638011077093,"LINESTRING (-111.9341013 33.4194746,-111.9345397 33.4158241)"
17,D2,23,E3,0.6410629315712897,"LINESTRING (-111.9341013 33.4194746,-111.9289322 33.4153008)"
17,D2,24,E4,0.9853994256924891,"LINESTRING (-111.9341013 33.4194746,-111.9246607 33.4155799)"
17,D2,25,E5,1.4793128231094166,"LINESTRING (-111.9341013 33.4194746,-111.9191391 33.4161313)"
18,D3,1,A1,1.4090286512483499,"LINESTRING (-111.9295967 33.4195074,-111.9393014 33.4304189)"
18,D3,2,A2,1.1548577200113295,"LINESTRING (-111.9295967 33.4195074,-111.9341051 33.4305945)"
18,D3,3,A3,0.9526506745333103,"LINESTRING (-111.9295967 33.4195074,-111.9298696 33.4293767)"
18,D3,4,A4,1.097853152112791,"LINESTRING (-111.9295967 33.4195074,-111.9257043 33.4301988)"
18,D3,5,A5,1.5750343254706014,"LINESTRING (-111.9295967 33.4195074,-111.9174898 33.430456)"
18,D3,6,B1,1.1471050775200162,"LINESTRING (-111.9295967 33.4195074,-111.939441 33.4261723)"
18,D3,7,B2,0.8019113511637994,"LINESTRING (-111.9295967 33.4195074,-111.9346483 33.4261067)"
18,D3,8,B3,0.6205242998431444,"LINESTRING (-111.9295967 33.4195074,-111.92888 33.4258983)"
18,D3,9,B4,0.8237093819762483,"LINESTRING (-111.9295967 33.4195074,-111.9238188 33.4257917)"
18,D3,10,B5,1.3407205267375382,"LINESTRING (-111.9295967 33.4195074,-111.9180745 33.4272732)"
18,D3,11,C1,0.9471711888794141,"LINESTRING (-111.9295967 33.4195074,-111.938754 33.4230432)"
18,D3,12,C2,0.5007363074280806,"LINESTRING (-111.9295967 33.4195074,-111.9337901 33.4225646)"
18,D3,13,C3,0.30053445278833346,"LINESTRING (-111.9295967 33.4195074,-111.9299931 33.4225967)"
18,D3,14,C4,0.6175667465671496,"LINESTRING (-111.9295967 33.4195074,-111.9237867 33.4221922)"
18,D3,15,C5,0.9892243341129269,"LINESTRING (-111.9295967 33.4195074,-111.9197249 33.4222738)"
18,D3,16,D1,0.880346834941949,"LINESTRING (-111.9295967 33.4195074,-111.9387 33.4188975)"
18,D3,17,D2,0.4346646865605184,"LINESTRING (-111.9295967 33.4195074,-111.9341013 33.4194746)"
18,D3,18,D3,0.0,"LINESTRING (-111.9295967 33.4195074,-111.9295967 33.4195074)"
18,D3,19,D4,0.5631395743780007,"LINESTRING (-111.9295967 33.4195074,-111.9237767 33.4190725)"
18,D3,20,D5,1.0124673989502553,"LINESTRING (-111.9295967 33.4195074,-111.919109 33.4191759)"
18,D3,21,E1,0.9884311919515862,"LINESTRING (-111.9295967 33.4195074,-111.9391062 33.4156986)"
18,D3,22,E2,0.5948031183424537,"LINESTRING (-111.9295967 33.4195074,-111.9345397 33.4158241)"
18,D3,23,E3,0.4109234809024953,"LINESTRING (-111.9295967 33.4195074,-111.9289322 33.4153008)"
18,D3,24,E4,0.6086471032362244,"LINESTRING (-111.9295967 33.4195074,-111.9246607 33.4155799)"
18,D3,25,E5,1.0603376569531735,"LINESTRING (-111.9295967 33.4195074,-111.9191391 33.4161313)"
19,D4,1,A1,1.8554186823937575,"LINESTRING (-111.9237767 33.4190725,-111.9393014 33.4304189)"
19,D4,2,A2,1.4930507251358505,"LINESTRING (-111.9237767 33.4190725,-111.9341051 33.4305945)"
19,D4,3,A3,1.1550610184631043,"LINESTRING (-111.9237767 33.4190725,-111.9298696 33.4293767)"
19,D4,4,A4,1.0895698578377362,"LINESTRING (-111.9237767 33.4190725,-111.9257043 33.4301988)"
19,D4,5,A5,1.254778776406531,"LINESTRING (-111.9237767 33.4190725,-111.9174898 33.430456)"
19,D4,6,B1,1.6594601419706645,"LINESTRING (-111.9237767 33.4190725,-111.939441 33.4261723)"
19,D4,7,B2,1.2494351093981924,"LINESTRING (-111.9237767 33.4190725,-111.9346483 33.4261067)"
19,D4,8,B3,0.8223486331177375,"LINESTRING (-111.9237767 33.4190725,-111.92888 33.4258983)"
19,D4,9,B4,0.6483478063301682,"LINESTRING (-111.9237767 33.4190725,-111.9238188 33.4257917)"
19,D4,10,B5,0.9637728461418259,"LINESTRING (-111.9237767 33.4190725,-111.9180745 33.4272732)"
19,D4,11,C1,1.4950910294164286,"LINESTRING (-111.9237767 33.4190725,-111.938754 33.4230432)"
19,D4,12,C2,1.0232632763974352,"LINESTRING (-111.9237767 33.4190725,-111.9337901 33.4225646)"
19,D4,13,C3,0.6895092078710636,"LINESTRING (-111.9237767 33.4190725,-111.9299931 33.4225967)"
19,D4,14,C4,0.30102306235205023,"LINESTRING (-111.9237767 33.4190725,-111.9237867 33.4221922)"
19,D4,15,C5,0.49825944520239285,"LINESTRING (-111.9237767 33.4190725,-111.9197249 33.4222738)"
19,D4,16,D1,1.4400504413260455,"LINESTRING (-111.9237767 33.4190725,-111.9387 33.4188975)"
19,D4,17,D2,0.9969822675643109,"LINESTRING (-111.9237767 33.4190725,-111.9341013 33.4194746)"
19,D4,18,D3,0.5631395743780007,"LINESTRING (-111.9237767 33.4190725,-111.9295967 33.4195074)"
19,D4,19,D4,0.0,"LINESTRING (-111.9237767 33.4190725,-111.9237767 33.4190725)"
19,D4,20,D5,0.45049880739075565,"LINESTRING (-111.9237767 33.4190725,-111.919109 33.4191759)"
19,D4,21,E1,1.514544566192695,"LINESTRING (-111.9237767 33.4190725,-111.9391062 33.4156986)"
19,D4,22,E2,1.0847931536701587,"LINESTRING (-111.9237767 33.4190725,-111.9345397 33.4158241)"
19,D4,23,E3,0.6163627226757843,"LINESTRING (-111.9237767 33.4190725,-111.9289322 33.4153008)"
19,D4,24,E4,0.3476315311184342,"LINESTRING (-111.9237767 33.4190725,-111.9246607 33.4155799)"
19,D4,25,E5,0.5298887003057475,"LINESTRING (-111.9237767 33.4190725,-111.9191391 33.4161313)"
20,D5,1,A1,2.2300274891328864,"LINESTRING (-111.919109 33.4191759,-111.9393014 33.4304189)"
20,D5,2,A2,1.8186991922134945,"LINESTRING (-111.919109 33.4191759,-111.9341051 33.4305945)"
20,D5,3,A3,1.4306778730552414,"LINESTRING (-111.919109 33.4191759,-111.9298696 33.4293767)"
20,D5,4,A4,1.2394454935877512,"LINESTRING (-111.919109 33.4191759,-111.9257043 33.4301988)"
20,D5,5,A5,1.0995748566586216,"LINESTRING (-111.919109 33.4191759,-111.9174898 33.430456)"
20,D5,6,B1,2.0747449256485115,"LINESTRING (-111.919109 33.4191759,-111.939441 33.4261723)"
20,D5,7,B2,1.6417698878376041,"LINESTRING (-111.919109 33.4191759,-111.9346483 33.4261067)"
20,D5,8,B3,1.1443848196081066,"LINESTRING (-111.919109 33.4191759,-111.92888 33.4258983)"
20,D5,9,B4,0.7835994814614846,"LINESTRING (-111.919109 33.4191759,-111.9238188 33.4257917)"
20,D5,10,B5,0.7876567096183814,"LINESTRING (-111.919109 33.4191759,-111.9180745 33.4272732)"
20,D5,11,C1,1.9319341208250767,"LINESTRING (-111.919109 33.4191759,-111.938754 33.4230432)"
20,D5,12,C2,1.4538275112883519,"LINESTRING (-111.919109 33.4191759,-111.9337901 33.4225646)"
20,D5,13,C3,1.1008584330979612,"LINESTRING (-111.919109 33.4191759,-111.9299931 33.4225967)"
20,D5,14,C4,0.537055057805909,"LINESTRING (-111.919109 33.4191759,-111.9237867 33.4221922)"
20,D5,15,C5,0.304765544081266,"LINESTRING (-111.919109 33.4191759,-111.9197249 33.4222738)"
20,D5,16,D1,1.8905305858758161,"LINESTRING (-111.919109 33.4191759,-111.9387 33.4188975)"
20,D5,17,D2,1.4469022834487442,"LINESTRING (-111.919109 33.4191759,-111.9341013 33.4194746)"
20,D5,18,D3,1.0124673989502553,"LINESTRING (-111.919109 33.4191759,-111.9295967 33.4195074)"
20,D5,19,D4,0.45049880739075565,"LINESTRING (-111.919109 33.4191759,-111.9237767 33.4190725)"
20,D5,20,D5,0.0,"LINESTRING (-111.919109 33.4191759,-111.919109 33.4191759)"
20,D5,21,E1,1.958486866785454,"LINESTRING (-111.919109 33.4191759,-111.9391062 33.4156986)"
20,D5,22,E2,1.523634194699675,"LINESTRING (-111.919109 33.4191759,-111.9345397 33.4158241)"
20,D5,23,E3,1.018926723489423,"LINESTRING (-111.919109 33.4191759,-111.9289322 33.4153008)"
20,D5,24,E4,0.6382489376153847,"LINESTRING (-111.919109 33.4191759,-111.9246607 33.4155799)"
20,D5,25,E5,0.2937928937872181,"LINESTRING (-111.919109 33.4191759,-111.9191391 33.4161313)"
21,E1,1,A1,1.4204838255394072,"LINESTRING (-111.9391062 33.4156986,-111.9393014 33.4304189)"
21,E1,2,A2,1.51613954236183,"LINESTRING (-111.9391062 33.4156986,-111.9341051 33.4305945)"
21,E1,3,A3,1.5925334371049358,"LINESTRING (-111.9391062 33.4156986,-111.9298696 33.4293767)"
21,E1,4,A4,1.9051928808371492,"LINESTRING (-111.9391062 33.4156986,-111.9257043 33.4301988)"
21,E1,5,A5,2.5254748170924426,"LINESTRING (-111.9391062 33.4156986,-111.9174898 33.430456)"
21,E1,6,B1,1.011120298357768,"LINESTRING (-111.9391062 33.4156986,-111.939441 33.4261723)"
21,E1,7,B2,1.0925132003680122,"LINESTRING (-111.9391062 33.4156986,-111.9346483 33.4261067)"
21,E1,8,B3,1.393632882912816,"LINESTRING (-111.9391062 33.4156986,-111.92888 33.4258983)"
21,E1,9,B4,1.7675641951916354,"LINESTRING (-111.9391062 33.4156986,-111.9238188 33.4257917)"
21,E1,10,B5,2.316366888782816,"LINESTRING (-111.9391062 33.4156986,-111.9180745 33.4272732)"
21,E1,11,C1,0.70949424407411,"LINESTRING (-111.9391062 33.4156986,-111.938754 33.4230432)"
21,E1,12,C2,0.8378688667893468,"LINESTRING (-111.9391062 33.4156986,-111.9337901 33.4225646)"
21,E1,13,C3,1.1028273391379513,"LINESTRING (-111.9391062 33.4156986,-111.9299931 33.4225967)"
21,E1,14,C4,1.605485717383132,"LINESTRING (-111.9391062 33.4156986,-111.9237867 33.4221922)"
21,E1,15,C5,1.97478717693578,"LINESTRING (-111.9391062 33.4156986,-111.9197249 33.4222738)"
21,E1,16,D1,0.3111342372546259,"LINESTRING (-111.9391062 33.4156986,-111.9387 33.4188975)"
21,E1,17,D2,0.6049410021567949,"LINESTRING (-111.9391062 33.4156986,-111.9341013 33.4194746)"
21,E1,18,D3,0.9884311919515862,"LINESTRING (-111.9391062 33.4156986,-111.9295967 33.4195074)"
21,E1,19,D4,1.514544566192695,"LINESTRING (-111.9391062 33.4156986,-111.9237767 33.4190725)"
21,E1,20,D5,1.958486866785454,"LINESTRING (-111.9391062 33.4156986,-111.919109 33.4191759)"
21,E1,21,E1,0.0,"LINESTRING (-111.9391062 33.4156986,-111.9391062 33.4156986)"
21,E1,22,E2,0.44078496869069633,"LINESTRING (-111.9391062 33.4156986,-111.9345397 33.4158241)"
21,E1,23,E3,0.9824399038989433,"LINESTRING (-111.9391062 33.4156986,-111.9289322 33.4153008)"
21,E1,24,E4,1.393889368323659,"LINESTRING (-111.9391062 33.4156986,-111.9246607 33.4155799)"
21,E1,25,E5,1.92707895857347,"LINESTRING (-111.9391062 33.4156986,-111.9191391 33.4161313)"
22,E2,1,A1,1.481307422831414,"LINESTRING (-111.9345397 33.4158241,-111.9393014 33.4304189)"
22,E2,2,A2,1.425806204093358,"LINESTRING (-111.9345397 33.4158241,-111.9341051 33.4305945)"
22,E2,3,A3,1.3831483797219297,"LINESTRING (-111.9345397 33.4158241,-111.9298696 33.4293767)"
22,E2,4,A4,1.6280667628292138,"LINESTRING (-111.9345397 33.4158241,-111.9257043 33.4301988)"
22,E2,5,A5,2.1678972438486555,"LINESTRING (-111.9345397 33.4158241,-111.9174898 33.430456)"
22,E2,6,B1,1.1048332808967452,"LINESTRING (-111.9345397 33.4158241,-111.939441 33.4261723)"
22,E2,7,B2,0.9922207427164093,"LINESTRING (-111.9345397 33.4158241,-111.9346483 33.4261067)"
22,E2,8,B3,1.1149571640354885,"LINESTRING (-111.9345397 33.4158241,-111.92888 33.4258983)"
22,E2,9,B4,1.412479972234947,"LINESTRING (-111.9345397 33.4158241,-111.9238188 33.4257917)"
22,E2,10,B5,1.9350621340164995,"LINESTRING (-111.9345397 33.4158241,-111.9180745 33.4272732)"
22,E2,11,C1,0.8065781087144368,"LINESTRING (-111.9345397 33.4158241,-111.938754 33.4230432)"
22,E2,12,C2,0.6544005793789627,"LINESTRING (-111.9345397 33.4158241,-111.9337901 33.4225646)"
22,E2,13,C3,0.7870889925438578,"LINESTRING (-111.9345397 33.4158241,-111.9299931 33.4225967)"
22,E2,14,C4,1.2058521701055778,"LINESTRING (-111.9345397 33.4158241,-111.9237867 33.4221922)"
22,E2,15,C5,1.5590734963715833,"LINESTRING (-111.9345397 33.4158241,-111.9197249 33.4222738)"
22,E2,16,D1,0.49908240454616926,"LINESTRING (-111.9345397 33.4158241,-111.9387 33.4188975)"
22,E2,17,D2,0.3547638011077093,"LINESTRING (-111.9345397 33.4158241,-111.9341013 33.4194746)"
22,E2,18,D3,0.5948031183424537,"LINESTRING (-111.9345397 33.4158241,-111.9295967 33.4195074)"
22,E2,19,D4,1.0847931536701587,"LINESTRING (-111.9345397 33.4158241,-111.9237767 33.4190725)"
22,E2,20,D5,1.523634194699675,"LINESTRING (-111.9345397 33.4158241,-111.919109 33.4191759)"
22,E2,21,E1,0.44078496869069633,"LINESTRING (-111.9345397 33.4158241,-111.9391062 33.4156986)"
22,E2,22,E2,0.0,"LINESTRING (-111.9345397 33.4158241,-111.9345397 33.4158241)"
22,E2,23,E3,0.5434219748777254,"LINESTRING (-111.9345397 33.4158241,-111.9289322 33.4153008)"
22,E2,24,E4,0.9535149582222794,"LINESTRING (-111.9345397 33.4158241,-111.9246607 33.4155799)"
22,E2,25,E5,1.4863036343105236,"LINESTRING (-111.9345397 33.4158241,-111.9191391 33.4161313)"
23,E3,1,A1,1.7688948400733464,"LINESTRING (-111.9289322 33.4153008,-111.9393014 33.4304189)"
23,E3,2,A2,1.5578114586555847,"LINESTRING (-111.9289322 33.4153008,-111.9341051 33.4305945)"
23,E3,3,A3,1.361185349104717,"LINESTRING (-111.9289322 33.4153008,-111.9298696 33.4293767)"
23,E3,4,A4,1.4708565668534943,"LINESTRING (-111.9289322 33.4153008,-111.9257043 33.4301988)"
23,E3,5,A5,1.832314611552073,"LINESTRING (-111.9289322 33.4153008,-111.9174898 33.430456)"
23,E3,6,B1,1.45896329630495,"LINESTRING (-111.9289322 33.4153008,-111.939441 33.4261723)"
23,E3,7,B2,1.1795519043739662,"LINESTRING (-111.9289322 33.4153008,-111.9346483 33.4261067)"
23,E3,8,B3,1.0225609701076879,"LINESTRING (-111.9289322 33.4153008,-111.92888 33.4258983)"
23,E3,9,B4,1.1261000793380775,"LINESTRING (-111.9289322 33.4153008,-111.9238188 33.4257917)"
23,E3,10,B5,1.559519891757007,"LINESTRING (-111.9289322 33.4153008,-111.9180745 33.4272732)"
23,E3,11,C1,1.2067561140837797,"LINESTRING (-111.9289322 33.4153008,-111.938754 33.4230432)"
23,E3,12,C2,0.8431796701708798,"LINESTRING (-111.9289322 33.4153008,-111.9337901 33.4225646)"
23,E3,13,C3,0.711384607192209,"LINESTRING (-111.9289322 33.4153008,-111.9299931 33.4225967)"
23,E3,14,C4,0.8298512360816684,"LINESTRING (-111.9289322 33.4153008,-111.9237867 33.4221922)"
23,E3,15,C5,1.1144328544389146,"LINESTRING (-111.9289322 33.4153008,-111.9197249 33.4222738)"
23,E3,16,D1,1.0043590976045198,"LINESTRING (-111.9289322 33.4153008,-111.9387 33.4188975)"
23,E3,17,D2,0.6410629315712897,"LINESTRING (-111.9289322 33.4153008,-111.9341013 33.4194746)"
23,E3,18,D3,0.4109234809024953,"LINESTRING (-111.9289322 33.4153008,-111.9295967 33.4195074)"
23,E3,19,D4,0.6163627226757843,"LINESTRING (-111.9289322 33.4153008,-111.9237767 33.4190725)"
23,E3,20,D5,1.018926723489423,"LINESTRING (-111.9289322 33.4153008,-111.919109 33.4191759)"
23,E3,21,E1,0.9824399038989433,"LINESTRING (-111.9289322 33.4153008,-111.9391062 33.4156986)"
23,E3,22,E2,0.5434219748777254,"LINESTRING (-111.9289322 33.4153008,-111.9345397 33.4158241)"
23,E3,23,E3,0.0,"LINESTRING (-111.9289322 33.4153008,-111.9289322 33.4153008)"
23,E3,24,E4,0.413030841044227,"LINESTRING (-111.9289322 33.4153008,-111.9246607 33.4155799)"
23,E3,25,E5,0.9483282064543208,"LINESTRING (-111.9289322 33.4153008,-111.9191391 33.4161313)"
24,E4,1,A1,2.011411980902,"LINESTRING (-111.9246607 33.4155799,-111.9393014 33.4304189)"
24,E4,2,A2,1.7115361454219078,"LINESTRING (-111.9246607 33.4155799,-111.9341051 33.4305945)"
24,E4,3,A3,1.4229710785027416,"LINESTRING (-111.9246607 33.4155799,-111.9298696 33.4293767)"
24,E4,4,A4,1.4141697398760025,"LINESTRING (-111.9246607 33.4155799,-111.9257043 33.4301988)"
24,E4,5,A5,1.59346727208409,"LINESTRING (-111.9246607 33.4155799,-111.9174898 33.430456)"
24,E4,6,B1,1.7545744831752972,"LINESTRING (-111.9246607 33.4155799,-111.939441 33.4261723)"
24,E4,7,B2,1.40015747739806,"LINESTRING (-111.9246607 33.4155799,-111.9346483 33.4261067)"
24,E4,8,B3,1.0756453353458553,"LINESTRING (-111.9246607 33.4155799,-111.92888 33.4258983)"
24,E4,9,B4,0.9886811966904323,"LINESTRING (-111.9246607 33.4155799,-111.9238188 33.4257917)"
24,E4,10,B5,1.2949537839092367,"LINESTRING (-111.9246607 33.4155799,-111.9180745 33.4272732)"
24,E4,11,C1,1.5387760111904838,"LINESTRING (-111.9246607 33.4155799,-111.938754 33.4230432)"
24,E4,12,C2,1.109139445829327,"LINESTRING (-111.9246607 33.4155799,-111.9337901 33.4225646)"
24,E4,13,C3,0.8503752420197122,"LINESTRING (-111.9246607 33.4155799,-111.9299931 33.4225967)"
24,E4,14,C4,0.6435742291709431,"LINESTRING (-111.9246607 33.4155799,-111.9237867 33.4221922)"
24,E4,15,C5,0.8024997967515793,"LINESTRING (-111.9246607 33.4155799,-111.9197249 33.4222738)"
24,E4,16,D1,1.3919591084696505,"LINESTRING (-111.9246607 33.4155799,-111.9387 33.4188975)"
24,E4,17,D2,0.9853994256924891,"LINESTRING (-111.9246607 33.4155799,-111.9341013 33.4194746)"
24,E4,18,D3,0.6086471032362244,"LINESTRING (-111.9246607 33.4155799,-111.9295967 33.4195074)"
24,E4,19,D4,0.3476315311184342,"LINESTRING (-111.9246607 33.4155799,-111.9237767 33.4190725)"
24,E4,20,D5,0.6382489376153847,"LINESTRING (-111.9246607 33.4155799,-111.919109 33.4191759)"
24,E4,21,E1,1.393889368323659,"LINESTRING (-111.9246607 33.4155799,-111.9391062 33.4156986)"
24,E4,22,E2,0.9535149582222794,"LINESTRING (-111.9246607 33.4155799,-111.9345397 33.4158241)"
24,E4,23,E3,0.413030841044227,"LINESTRING (-111.9246607 33.4155799,-111.9289322 33.4153008)"
24,E4,24,E4,0.0,"LINESTRING (-111.9246607 33.4155799,-111.9246607 33.4155799)"
24,E4,25,E5,0.5354345471645127,"LINESTRING (-111.9246607 33.4155799,-111.9191391 33.4161313)"
25,E5,1,A1,2.3844113538979843,"LINESTRING (-111.9191391 33.4161313,-111.9393014 33.4304189)"
25,E5,2,A2,2.0082151021200882,"LINESTRING (-111.9191391 33.4161313,-111.9341051 33.4305945)"
25,E5,3,A3,1.6448205562684843,"LINESTRING (-111.9191391 33.4161313,-111.9298696 33.4293767)"
25,E5,4,A4,1.4979201236663222,"LINESTRING (-111.9191391 33.4161313,-111.9257043 33.4301988)"
25,E5,5,A5,1.3913286619619947,"LINESTRING (-111.9191391 33.4161313,-111.9174898 33.430456)"
25,E5,6,B1,2.185435581185557,"LINESTRING (-111.9191391 33.4161313,-111.939441 33.4261723)"
25,E5,7,B2,1.7793084538585033,"LINESTRING (-111.9191391 33.4161313,-111.9346483 33.4261067)"
25,E5,8,B3,1.3310019637562873,"LINESTRING (-111.9191391 33.4161313,-111.92888 33.4258983)"
25,E5,9,B4,1.0357466779495528,"LINESTRING (-111.9191391 33.4161313,-111.9238188 33.4257917)"
25,E5,10,B5,1.079981336497395,"LINESTRING (-111.9191391 33.4161313,-111.9180745 33.4272732)"
25,E5,11,C1,2.006718568855985,"LINESTRING (-111.9191391 33.4161313,-111.938754 33.4230432)"
25,E5,12,C2,1.5439604102582123,"LINESTRING (-111.9191391 33.4161313,-111.9337901 33.4225646)"
25,E5,13,C3,1.2190316030587407,"LINESTRING (-111.9191391 33.4161313,-111.9299931 33.4225967)"
25,E5,14,C4,0.7369685681240907,"LINESTRING (-111.9191391 33.4161313,-111.9237867 33.4221922)"
25,E5,15,C5,0.5953823908979388,"LINESTRING (-111.9191391 33.4161313,-111.9197249 33.4222738)"
25,E5,16,D1,1.9062132855627747,"LINESTRING (-111.9191391 33.4161313,-111.9387 33.4188975)"
25,E5,17,D2,1.4793128231094166,"LINESTRING (-111.9191391 33.4161313,-111.9341013 33.4194746)"
25,E5,18,D3,1.0603376569531735,"LINESTRING (-111.9191391 33.4161313,-111.9295967 33.4195074)"
25,E5,19,D4,0.5298887003057475,"LINESTRING (-111.9191391 33.4161313,-111.9237767 33.4190725)"
25,E5,20,D5,0.2937928937872181,"LINESTRING (-111.9191391 33.4161313,-111.919109 33.4191759)"
25,E5,21,E1,1.92707895857347,"LINESTRING (-111.9191391 33.4161313,-111.9391062 33.4156986)"
25,E5,22,E2,1.4863036343105236,"LINESTRING (-111.9191391 33.4161313,-111.9345397 33.4158241)"
25,E5,23,E3,0.9483282064543208,"LINESTRING (-111.9191391 33.4161313,-111.9289322 33.4153008)"
25,E5,24,E4,0.5354345471645127,"LINESTRING (-111.9191391 33.4161313,-111.9246607 33.4155799)"
25,E5,25,E5,0.0,"LINESTRING (-111.9191391 33.4161313,-111.9191391 33.4161313)"
