o_zone_id,o_zone_name,d_zone_id,d_zone_name,accessibility,volume,geometry
1,A1,1,A1,0.0,0,"LINESTRING (-111.9391322 33.4304313,-111.9391322 33.4304313)"
1,A1,2,A2,0.42889552114805984,4,"LINESTRING (-111.9391322 33.4304313,-111.9347148 33.4309263)"
1,A1,3,A3,0.8398373399564387,3,"LINESTRING (-111.9391322 33.4304313,-111.9304603 33.4296853)"
1,A1,4,A4,1.2526290341613846,18,"LINESTRING (-111.9391322 33.4304313,-111.9261617 33.4298852)"
1,A1,5,A5,1.9806829183535675,1,"LINESTRING (-111.9391322 33.4304313,-111.9186286 33.431419)"
1,A1,6,B1,0.3971632124715569,4,"LINESTRING (-111.9391322 33.4304313,-111.9392444 33.4263167)"
1,A1,7,B2,0.5448639849981152,2,"LINESTRING (-111.9391322 33.4304313,-111.9355153 33.4260948)"
1,A1,8,B3,0.9423358219656017,4,"LINESTRING (-111.9391322 33.4304313,-111.9300963 33.4267259)"
1,A1,9,B4,1.2629464093548686,1,"LINESTRING (-111.9391322 33.4304313,-111.9271836 33.4250879)"
1,A1,10,B5,1.7983362691359221,0,"LINESTRING (-111.9391322 33.4304313,-111.9208864 33.42663)"
1,A1,11,C1,0.7072964811312854,4,"LINESTRING (-111.9391322 33.4304313,-111.9387482 33.4231111)"
1,A1,12,C2,0.8610475645865827,3,"LINESTRING (-111.9391322 33.4304313,-111.9344624 33.422827)"
1,A1,13,C3,1.1037520109135237,3,"LINESTRING (-111.9391322 33.4304313,-111.930794 33.4226002)"
1,A1,14,C4,1.4128831077525454,27,"LINESTRING (-111.9391322 33.4304313,-111.9265546 33.4229336)"
1,A1,15,C5,1.899142223529675,0,"LINESTRING (-111.9391322 33.4304313,-111.9208864 33.42305)"
1,A1,16,D1,1.0812321560716638,21,"LINESTRING (-111.9391322 33.4304313,-111.9386832 33.4192347)"
1,A1,17,D2,1.140147958476362,3,"LINESTRING (-111.9391322 33.4304313,-111.9348689 33.419411)"
1,A1,18,D3,1.3319516472905109,3,"LINESTRING (-111.9391322 33.4304313,-111.9306672 33.4195274)"
1,A1,19,D4,1.568801393366272,17,"LINESTRING (-111.9391322 33.4304313,-111.926839 33.4197906)"
1,A1,20,D5,2.053805883367749,0,"LINESTRING (-111.9391322 33.4304313,-111.9208864 33.41947)"
1,A1,21,E1,1.3730313139358334,10,"LINESTRING (-111.9391322 33.4304313,-111.9391344 33.4162015)"
1,A1,22,E2,1.4574319918400735,11,"LINESTRING (-111.9391322 33.4304313,-111.9347173 33.4159864)"
1,A1,23,E3,1.7087278239930566,3,"LINESTRING (-111.9391322 33.4304313,-111.9295699 33.4155261)"
1,A1,24,E4,1.8679162540592555,17,"LINESTRING (-111.9391322 33.4304313,-111.9269472 33.4153886)"
1,A1,25,E5,2.2512542284197776,0,"LINESTRING (-111.9391322 33.4304313,-111.9208864 33.41589)"
2,A2,1,A1,0.42889552114805984,50,"LINESTRING (-111.9347148 33.4309263,-111.9391322 33.4304313)"
2,A2,2,A2,0.0,0,"LINESTRING (-111.9347148 33.4309263,-111.9347148 33.4309263)"
2,A2,3,A3,0.4276249395146829,8,"LINESTRING (-111.9347148 33.4309263,-111.9304603 33.4296853)"
2,A2,4,A4,0.8313832956974513,44,"LINESTRING (-111.9347148 33.4309263,-111.9261617 33.4298852)"
2,A2,5,A5,1.5528886024352222,2,"LINESTRING (-111.9347148 33.4309263,-111.9186286 33.431419)"
2,A2,6,B1,0.6235733110836836,8,"LINESTRING (-111.9347148 33.4309263,-111.9392444 33.4263167)"
2,A2,7,B2,0.47254511852443687,4,"LINESTRING (-111.9347148 33.4309263,-111.9355153 33.4260948)"
2,A2,8,B3,0.6023838197262564,9,"LINESTRING (-111.9347148 33.4309263,-111.9300963 33.4267259)"
2,A2,9,B4,0.9194699325293553,1,"LINESTRING (-111.9347148 33.4309263,-111.9271836 33.4250879)"
2,A2,10,B5,1.397219083596659,0,"LINESTRING (-111.9347148 33.4309263,-111.9208864 33.42663)"
2,A2,11,C1,0.8485907490581498,9,"LINESTRING (-111.9347148 33.4309263,-111.9387482 33.4231111)"
2,A2,12,C2,0.7818815241988242,8,"LINESTRING (-111.9347148 33.4309263,-111.9344624 33.422827)"
2,A2,13,C3,0.8880066526972187,5,"LINESTRING (-111.9347148 33.4309263,-111.930794 33.4226002)"
2,A2,14,C4,1.1021527533769448,66,"LINESTRING (-111.9347148 33.4309263,-111.9265546 33.4229336)"
2,A2,15,C5,1.5355598194013602,0,"LINESTRING (-111.9347148 33.4309263,-111.9208864 33.42305)"
2,A2,16,D1,1.1913365707365433,49,"LINESTRING (-111.9347148 33.4309263,-111.9386832 33.4192347)"
2,A2,17,D2,1.111210905617479,7,"LINESTRING (-111.9347148 33.4309263,-111.9348689 33.419411)"
2,A2,18,D3,1.1671613591271697,6,"LINESTRING (-111.9347148 33.4309263,-111.9306672 33.4195274)"
2,A2,19,D4,1.3160570034517098,42,"LINESTRING (-111.9347148 33.4309263,-111.926839 33.4197906)"
2,A2,20,D5,1.7327193435211594,0,"LINESTRING (-111.9347148 33.4309263,-111.9208864 33.41947)"
2,A2,21,E1,1.4834081458270147,23,"LINESTRING (-111.9347148 33.4309263,-111.9391344 33.4162015)"
2,A2,22,E2,1.4415464604806951,25,"LINESTRING (-111.9347148 33.4309263,-111.9347173 33.4159864)"
2,A2,23,E3,1.5666978026734568,5,"LINESTRING (-111.9347148 33.4309263,-111.9295699 33.4155261)"
2,A2,24,E4,1.6761403064439746,41,"LINESTRING (-111.9347148 33.4309263,-111.9269472 33.4153886)"
2,A2,25,E5,1.9711261402873403,0,"LINESTRING (-111.9347148 33.4309263,-111.9208864 33.41589)"
3,A3,1,A1,0.8398373399564387,37,"LINESTRING (-111.9304603 33.4296853,-111.9391322 33.4304313)"
3,A3,2,A2,0.4276249395146829,8,"LINESTRING (-111.9304603 33.4296853,-111.9347148 33.4309263)"
3,A3,3,A3,0.0,0,"LINESTRING (-111.9304603 33.4296853,-111.9304603 33.4296853)"
3,A3,4,A4,0.41522093201342053,37,"LINESTRING (-111.9304603 33.4296853,-111.9261617 33.4298852)"
3,A3,5,A5,1.1538323579726737,1,"LINESTRING (-111.9304603 33.4296853,-111.9186286 33.431419)"
3,A3,6,B1,0.9077633906309013,6,"LINESTRING (-111.9304603 33.4296853,-111.9392444 33.4263167)"
3,A3,7,B2,0.5982788553502623,3,"LINESTRING (-111.9304603 33.4296853,-111.9355153 33.4260948)"
3,A3,8,B3,0.2877127333943902,8,"LINESTRING (-111.9304603 33.4296853,-111.9300963 33.4267259)"
3,A3,9,B4,0.5447432435582366,1,"LINESTRING (-111.9304603 33.4296853,-111.9271836 33.4250879)"
3,A3,10,B5,0.9696877070476317,0,"LINESTRING (-111.9304603 33.4296853,-111.9208864 33.42663)"
3,A3,11,C1,1.0207432371430694,7,"LINESTRING (-111.9304603 33.4296853,-111.9387482 33.4231111)"
3,A3,12,C2,0.7661951355498361,6,"LINESTRING (-111.9304603 33.4296853,-111.9344624 33.422827)"
3,A3,13,C3,0.6844071093289443,5,"LINESTRING (-111.9304603 33.4296853,-111.930794 33.4226002)"
3,A3,14,C4,0.7526247375494456,54,"LINESTRING (-111.9304603 33.4296853,-111.9265546 33.4229336)"
3,A3,15,C5,1.1239632272290117,0,"LINESTRING (-111.9304603 33.4296853,-111.9208864 33.42305)"
3,A3,16,D1,1.2831100093587593,38,"LINESTRING (-111.9304603 33.4296853,-111.9386832 33.4192347)"
3,A3,17,D2,1.0787830327862997,5,"LINESTRING (-111.9304603 33.4296853,-111.9348689 33.419411)"
3,A3,18,D3,0.9803410342469931,5,"LINESTRING (-111.9304603 33.4296853,-111.9306672 33.4195274)"
3,A3,19,D4,1.0166711262157144,35,"LINESTRING (-111.9304603 33.4296853,-111.926839 33.4197906)"
3,A3,20,D5,1.350904140265336,0,"LINESTRING (-111.9304603 33.4296853,-111.9208864 33.41947)"
3,A3,21,E1,1.5470111090374528,18,"LINESTRING (-111.9304603 33.4296853,-111.9391344 33.4162015)"
3,A3,22,E2,1.3841606513446467,20,"LINESTRING (-111.9304603 33.4296853,-111.9347173 33.4159864)"
3,A3,23,E3,1.368924714651489,4,"LINESTRING (-111.9304603 33.4296853,-111.9295699 33.4155261)"
3,A3,24,E4,1.4205314059344714,33,"LINESTRING (-111.9304603 33.4296853,-111.9269472 33.4153886)"
3,A3,25,E5,1.6202593092675648,0,"LINESTRING (-111.9304603 33.4296853,-111.9208864 33.41589)"
4,A4,1,A1,1.2526290341613846,242,"LINESTRING (-111.9261617 33.4298852,-111.9391322 33.4304313)"
4,A4,2,A2,0.8313832956974513,50,"LINESTRING (-111.9261617 33.4298852,-111.9347148 33.4309263)"
4,A4,3,A3,0.41522093201342053,42,"LINESTRING (-111.9261617 33.4298852,-111.9304603 33.4296853)"
4,A4,4,A4,0.0,0,"LINESTRING (-111.9261617 33.4298852,-111.9261617 33.4298852)"
4,A4,5,A5,0.7417830917603679,7,"LINESTRING (-111.9261617 33.4298852,-111.9186286 33.431419)"
4,A4,6,B1,1.3084652377015649,38,"LINESTRING (-111.9261617 33.4298852,-111.9392444 33.4263167)"
4,A4,7,B2,0.9738200279677899,17,"LINESTRING (-111.9261617 33.4298852,-111.9355153 33.4260948)"
4,A4,8,B3,0.4868893582007159,51,"LINESTRING (-111.9261617 33.4298852,-111.9300963 33.4267259)"
4,A4,9,B4,0.4732729489328458,2,"LINESTRING (-111.9261617 33.4298852,-111.9271836 33.4250879)"
4,A4,10,B5,0.5981204894567508,0,"LINESTRING (-111.9261617 33.4298852,-111.9208864 33.42663)"
4,A4,11,C1,1.3791943701139797,43,"LINESTRING (-111.9261617 33.4298852,-111.9387482 33.4231111)"
4,A4,12,C2,1.0513448229403777,38,"LINESTRING (-111.9261617 33.4298852,-111.9344624 33.422827)"
4,A4,13,C3,0.8330057325804963,28,"LINESTRING (-111.9261617 33.4298852,-111.930794 33.4226002)"
4,A4,14,C4,0.6718248468131043,384,"LINESTRING (-111.9261617 33.4298852,-111.9265546 33.4229336)"
4,A4,15,C5,0.8331077210899082,0,"LINESTRING (-111.9261617 33.4298852,-111.9208864 33.42305)"
4,A4,16,D1,1.5861445147884974,252,"LINESTRING (-111.9261617 33.4298852,-111.9386832 33.4192347)"
4,A4,17,D2,1.314263805892833,33,"LINESTRING (-111.9261617 33.4298852,-111.9348689 33.419411)"
4,A4,18,D3,1.0898768601335904,29,"LINESTRING (-111.9261617 33.4298852,-111.9306672 33.4195274)"
4,A4,19,D4,0.9762120811856797,241,"LINESTRING (-111.9261617 33.4298852,-111.926839 33.4197906)"
4,A4,20,D5,1.1265160465037625,0,"LINESTRING (-111.9261617 33.4298852,-111.9208864 33.41947)"
4,A4,21,E1,1.8193750614622308,121,"LINESTRING (-111.9261617 33.4298852,-111.9391344 33.4162015)"
4,A4,22,E2,1.574810697011707,134,"LINESTRING (-111.9261617 33.4298852,-111.9347173 33.4159864)"
4,A4,23,E3,1.4239997812493133,28,"LINESTRING (-111.9261617 33.4298852,-111.9295699 33.4155261)"
4,A4,24,E4,1.4008269158284743,230,"LINESTRING (-111.9261617 33.4298852,-111.9269472 33.4153886)"
4,A4,25,E5,1.443141678485007,0,"LINESTRING (-111.9261617 33.4298852,-111.9208864 33.41589)"
5,A5,1,A1,1.9806829183535675,6,"LINESTRING (-111.9186286 33.431419,-111.9391322 33.4304313)"
5,A5,2,A2,1.5528886024352222,2,"LINESTRING (-111.9186286 33.431419,-111.9347148 33.4309263)"
5,A5,3,A3,1.1538323579726737,1,"LINESTRING (-111.9186286 33.431419,-111.9304603 33.4296853)"
5,A5,4,A4,0.7417830917603679,7,"LINESTRING (-111.9186286 33.431419,-111.9261617 33.4298852)"
5,A5,5,A5,0.0,0,"LINESTRING (-111.9186286 33.431419,-111.9186286 33.431419)"
5,A5,6,B1,2.0492355625777545,1,"LINESTRING (-111.9186286 33.431419,-111.9392444 33.4263167)"
5,A5,7,B2,1.708469989707377,1,"LINESTRING (-111.9186286 33.431419,-111.9355153 33.4260948)"
5,A5,8,B3,1.1955938087125497,2,"LINESTRING (-111.9186286 33.431419,-111.9300963 33.4267259)"
5,A5,9,B4,1.0269340286969664,1,"LINESTRING (-111.9186286 33.431419,-111.9271836 33.4250879)"
5,A5,10,B5,0.5108704200002072,0,"LINESTRING (-111.9186286 33.431419,-111.9208864 33.42663)"
5,A5,11,C1,2.1003379919152674,2,"LINESTRING (-111.9186286 33.431419,-111.9387482 33.4231111)"
5,A5,12,C2,1.7382496922942288,1,"LINESTRING (-111.9186286 33.431419,-111.9344624 33.422827)"
5,A5,13,C3,1.4498247568421825,1,"LINESTRING (-111.9186286 33.431419,-111.930794 33.4226002)"
5,A5,14,C4,1.1203755666414954,10,"LINESTRING (-111.9186286 33.431419,-111.9265546 33.4229336)"
5,A5,15,C5,0.8363953448855119,0,"LINESTRING (-111.9186286 33.431419,-111.9208864 33.42305)"
5,A5,16,D1,2.2642209583379014,6,"LINESTRING (-111.9186286 33.431419,-111.9386832 33.4192347)"
5,A5,17,D2,1.9488598396260812,1,"LINESTRING (-111.9186286 33.431419,-111.9348689 33.419411)"
5,A5,18,D3,1.6327544421349898,1,"LINESTRING (-111.9186286 33.431419,-111.9306672 33.4195274)"
5,A5,19,D4,1.3735185051197738,6,"LINESTRING (-111.9186286 33.431419,-111.926839 33.4197906)"
5,A5,20,D5,1.1733607002624258,0,"LINESTRING (-111.9186286 33.431419,-111.9208864 33.41947)"
5,A5,21,E1,2.4639161404521674,3,"LINESTRING (-111.9186286 33.431419,-111.9391344 33.4162015)"
5,A5,22,E2,2.151125977844145,4,"LINESTRING (-111.9186286 33.431419,-111.9347173 33.4159864)"
5,A5,23,E3,1.8617712437335354,1,"LINESTRING (-111.9186286 33.431419,-111.9295699 33.4155261)"
5,A5,24,E4,1.7426347784725607,6,"LINESTRING (-111.9186286 33.431419,-111.9269472 33.4153886)"
5,A5,25,E5,1.5141476367757922,0,"LINESTRING (-111.9186286 33.431419,-111.9208864 33.41589)"
6,B1,1,A1,0.3971632124715569,62,"LINESTRING (-111.9392444 33.4263167,-111.9391322 33.4304313)"
6,B1,2,A2,0.6235733110836836,12,"LINESTRING (-111.9392444 33.4263167,-111.9347148 33.4309263)"
6,B1,3,A3,0.9077633906309013,9,"LINESTRING (-111.9392444 33.4263167,-111.9304603 33.4296853)"
6,B1,4,A4,1.3084652377015649,51,"LINESTRING (-111.9392444 33.4263167,-111.9261617 33.4298852)"
6,B1,5,A5,2.0492355625777545,2,"LINESTRING (-111.9392444 33.4263167,-111.9186286 33.431419)"
6,B1,6,B1,0.0,0,"LINESTRING (-111.9392444 33.4263167,-111.9392444 33.4263167)"
6,B1,7,B2,0.36045393278531423,5,"LINESTRING (-111.9392444 33.4263167,-111.9355153 33.4260948)"
6,B1,8,B3,0.8835843274888617,11,"LINESTRING (-111.9392444 33.4263167,-111.9300963 33.4267259)"
6,B1,9,B4,1.1697664290800889,1,"LINESTRING (-111.9392444 33.4263167,-111.9271836 33.4250879)"
6,B1,10,B5,1.771621290681317,0,"LINESTRING (-111.9392444 33.4263167,-111.9208864 33.42663)"
6,B1,11,C1,0.31299328137129445,12,"LINESTRING (-111.9392444 33.4263167,-111.9387482 33.4231111)"
6,B1,12,C2,0.5712142096055609,10,"LINESTRING (-111.9392444 33.4263167,-111.9344624 33.422827)"
6,B1,13,C3,0.8907524881767502,7,"LINESTRING (-111.9392444 33.4263167,-111.930794 33.4226002)"
6,B1,14,C4,1.2672093228041204,80,"LINESTRING (-111.9392444 33.4263167,-111.9265546 33.4229336)"
6,B1,15,C5,1.7991899172374601,0,"LINESTRING (-111.9392444 33.4263167,-111.9208864 33.42305)"
6,B1,16,D1,0.685490397943022,65,"LINESTRING (-111.9392444 33.4263167,-111.9386832 33.4192347)"
6,B1,17,D2,0.7888286591038116,8,"LINESTRING (-111.9392444 33.4263167,-111.9348689 33.419411)"
6,B1,18,D3,1.0555143823805866,7,"LINESTRING (-111.9392444 33.4263167,-111.9306672 33.4195274)"
6,B1,19,D4,1.3525237168311175,52,"LINESTRING (-111.9392444 33.4263167,-111.926839 33.4197906)"
6,B1,20,D5,1.8905492038140004,0,"LINESTRING (-111.9392444 33.4263167,-111.9208864 33.41947)"
6,B1,21,E1,0.976073456428009,31,"LINESTRING (-111.9392444 33.4263167,-111.9391344 33.4162015)"
6,B1,22,E2,1.088284152453989,33,"LINESTRING (-111.9392444 33.4263167,-111.9347173 33.4159864)"
6,B1,23,E3,1.3983896956701583,7,"LINESTRING (-111.9392444 33.4263167,-111.9295699 33.4155261)"
6,B1,24,E4,1.5873879359005914,51,"LINESTRING (-111.9392444 33.4263167,-111.9269472 33.4153886)"
6,B1,25,E5,2.0371347031685882,0,"LINESTRING (-111.9392444 33.4263167,-111.9208864 33.41589)"
7,B2,1,A1,0.5448639849981152,23,"LINESTRING (-111.9355153 33.4260948,-111.9391322 33.4304313)"
7,B2,2,A2,0.47254511852443687,5,"LINESTRING (-111.9355153 33.4260948,-111.9347148 33.4309263)"
7,B2,3,A3,0.5982788553502623,4,"LINESTRING (-111.9355153 33.4260948,-111.9304603 33.4296853)"
7,B2,4,A4,0.9738200279677899,21,"LINESTRING (-111.9355153 33.4260948,-111.9261617 33.4298852)"
7,B2,5,A5,1.708469989707377,1,"LINESTRING (-111.9355153 33.4260948,-111.9186286 33.431419)"
7,B2,6,B1,0.36045393278531423,4,"LINESTRING (-111.9355153 33.4260948,-111.9392444 33.4263167)"
7,B2,7,B2,0.0,0,"LINESTRING (-111.9355153 33.4260948,-111.9355153 33.4260948)"
7,B2,8,B3,0.5264183248962224,5,"LINESTRING (-111.9355153 33.4260948,-111.9300963 33.4267259)"
7,B2,9,B4,0.8097737449032857,1,"LINESTRING (-111.9355153 33.4260948,-111.9271836 33.4250879)"
7,B2,10,B5,1.412490568972024,0,"LINESTRING (-111.9355153 33.4260948,-111.9208864 33.42663)"
7,B2,11,C1,0.42448924534165006,5,"LINESTRING (-111.9355153 33.4260948,-111.9387482 33.4231111)"
7,B2,12,C2,0.331275214799143,4,"LINESTRING (-111.9355153 33.4260948,-111.9344624 33.422827)"
7,B2,13,C3,0.5667763844700033,3,"LINESTRING (-111.9355153 33.4260948,-111.930794 33.4226002)"
7,B2,14,C4,0.9168502180632568,32,"LINESTRING (-111.9355153 33.4260948,-111.9265546 33.4229336)"
7,B2,15,C5,1.4417963516192922,0,"LINESTRING (-111.9355153 33.4260948,-111.9208864 33.42305)"
7,B2,16,D1,0.7291026109986041,25,"LINESTRING (-111.9355153 33.4260948,-111.9386832 33.4192347)"
7,B2,17,D2,0.6479310634877081,3,"LINESTRING (-111.9355153 33.4260948,-111.9348689 33.419411)"
7,B2,18,D3,0.7876526481239409,3,"LINESTRING (-111.9355153 33.4260948,-111.9306672 33.4195274)"
7,B2,19,D4,1.0348329230087534,21,"LINESTRING (-111.9355153 33.4260948,-111.926839 33.4197906)"
7,B2,20,D5,1.5495397396355155,0,"LINESTRING (-111.9355153 33.4260948,-111.9208864 33.41947)"
7,B2,21,E1,1.0164672580229621,12,"LINESTRING (-111.9355153 33.4260948,-111.9391344 33.4162015)"
7,B2,22,E2,0.9783913344553834,13,"LINESTRING (-111.9355153 33.4260948,-111.9347173 33.4159864)"
7,B2,23,E3,1.1700637278897026,3,"LINESTRING (-111.9355153 33.4260948,-111.9295699 33.4155261)"
7,B2,24,E4,1.3231312581437837,20,"LINESTRING (-111.9355153 33.4260948,-111.9269472 33.4153886)"
7,B2,25,E5,1.7210519059388971,0,"LINESTRING (-111.9355153 33.4260948,-111.9208864 33.41589)"
8,B3,1,A1,0.9423358219656017,44,"LINESTRING (-111.9300963 33.4267259,-111.9391322 33.4304313)"
8,B3,2,A2,0.6023838197262564,9,"LINESTRING (-111.9300963 33.4267259,-111.9347148 33.4309263)"
8,B3,3,A3,0.2877127333943902,8,"LINESTRING (-111.9300963 33.4267259,-111.9304603 33.4296853)"
8,B3,4,A4,0.4868893582007159,44,"LINESTRING (-111.9300963 33.4267259,-111.9261617 33.4298852)"
8,B3,5,A5,1.1955938087125497,2,"LINESTRING (-111.9300963 33.4267259,-111.9186286 33.431419)"
8,B3,6,B1,0.8835843274888617,7,"LINESTRING (-111.9300963 33.4267259,-111.9392444 33.4263167)"
8,B3,7,B2,0.5264183248962224,3,"LINESTRING (-111.9300963 33.4267259,-111.9355153 33.4260948)"
8,B3,8,B3,0.0,0,"LINESTRING (-111.9300963 33.4267259,-111.9300963 33.4267259)"
8,B3,9,B4,0.3224300836914585,1,"LINESTRING (-111.9300963 33.4267259,-111.9271836 33.4250879)"
8,B3,10,B5,0.888709446207969,0,"LINESTRING (-111.9300963 33.4267259,-111.9208864 33.42663)"
8,B3,11,C1,0.9047578891460368,8,"LINESTRING (-111.9300963 33.4267259,-111.9387482 33.4231111)"
8,B3,12,C2,0.564814106259333,7,"LINESTRING (-111.9300963 33.4267259,-111.9344624 33.422827)"
8,B3,13,C3,0.40374183793570967,6,"LINESTRING (-111.9300963 33.4267259,-111.930794 33.4226002)"
8,B3,14,C4,0.5006773481967552,68,"LINESTRING (-111.9300963 33.4267259,-111.9265546 33.4229336)"
8,B3,15,C5,0.9568274706806313,0,"LINESTRING (-111.9300963 33.4267259,-111.9208864 33.42305)"
8,B3,16,D1,1.099536086082849,47,"LINESTRING (-111.9300963 33.4267259,-111.9386832 33.4192347)"
8,B3,17,D2,0.8427581069779467,6,"LINESTRING (-111.9300963 33.4267259,-111.9348689 33.419411)"
8,B3,18,D3,0.6967581236160728,6,"LINESTRING (-111.9300963 33.4267259,-111.9306672 33.4195274)"
8,B3,19,D4,0.7393104404912885,43,"LINESTRING (-111.9300963 33.4267259,-111.926839 33.4197906)"
8,B3,20,D5,1.1313190136199973,0,"LINESTRING (-111.9300963 33.4267259,-111.9208864 33.41947)"
8,B3,21,E1,1.3385669708398986,23,"LINESTRING (-111.9300963 33.4267259,-111.9391344 33.4162015)"
8,B3,22,E2,1.1281060940822576,25,"LINESTRING (-111.9300963 33.4267259,-111.9347173 33.4159864)"
8,B3,23,E3,1.0818582304998203,5,"LINESTRING (-111.9300963 33.4267259,-111.9295699 33.4155261)"
8,B3,24,E4,1.1353487570237177,41,"LINESTRING (-111.9300963 33.4267259,-111.9269472 33.4153886)"
8,B3,25,E5,1.3721866438521992,0,"LINESTRING (-111.9300963 33.4267259,-111.9208864 33.41589)"
9,B4,1,A1,1.2629464093548686,2,"LINESTRING (-111.9271836 33.4250879,-111.9391322 33.4304313)"
9,B4,2,A2,0.9194699325293553,1,"LINESTRING (-111.9271836 33.4250879,-111.9347148 33.4309263)"
9,B4,3,A3,0.5447432435582366,1,"LINESTRING (-111.9271836 33.4250879,-111.9304603 33.4296853)"
9,B4,4,A4,0.4732729489328458,2,"LINESTRING (-111.9271836 33.4250879,-111.9261617 33.4298852)"
9,B4,5,A5,1.0269340286969664,1,"LINESTRING (-111.9271836 33.4250879,-111.9186286 33.431419)"
9,B4,6,B1,1.1697664290800889,1,"LINESTRING (-111.9271836 33.4250879,-111.9392444 33.4263167)"
9,B4,7,B2,0.8097737449032857,1,"LINESTRING (-111.9271836 33.4250879,-111.9355153 33.4260948)"
9,B4,8,B3,0.3224300836914585,1,"LINESTRING (-111.9271836 33.4250879,-111.9300963 33.4267259)"
9,B4,9,B4,0.0,0,"LINESTRING (-111.9271836 33.4250879,-111.9271836 33.4250879)"
9,B4,10,B5,0.6255750263955008,0,"LINESTRING (-111.9271836 33.4250879,-111.9208864 33.42663)"
9,B4,11,C1,1.132051340930367,1,"LINESTRING (-111.9271836 33.4250879,-111.9387482 33.4231111)"
9,B4,12,C2,0.7354333019785813,1,"LINESTRING (-111.9271836 33.4250879,-111.9344624 33.422827)"
9,B4,13,C3,0.42306139063598724,1,"LINESTRING (-111.9271836 33.4250879,-111.930794 33.4226002)"
9,B4,14,C4,0.2165495461478658,3,"LINESTRING (-111.9271836 33.4250879,-111.9265546 33.4229336)"
9,B4,15,C5,0.6386477353698555,0,"LINESTRING (-111.9271836 33.4250879,-111.9208864 33.42305)"
9,B4,16,D1,1.245062071656288,2,"LINESTRING (-111.9271836 33.4250879,-111.9386832 33.4192347)"
9,B4,17,D2,0.9219259988983111,1,"LINESTRING (-111.9271836 33.4250879,-111.9348689 33.419411)"
9,B4,18,D3,0.6331250588762452,1,"LINESTRING (-111.9271836 33.4250879,-111.9306672 33.4195274)"
9,B4,19,D4,0.512215939412393,2,"LINESTRING (-111.9271836 33.4250879,-111.926839 33.4197906)"
9,B4,20,D5,0.8142771759023878,0,"LINESTRING (-111.9271836 33.4250879,-111.9208864 33.41947)"
9,B4,21,E1,1.4369836753686613,1,"LINESTRING (-111.9271836 33.4250879,-111.9391344 33.4162015)"
9,B4,22,E2,1.1400277831958334,1,"LINESTRING (-111.9271836 33.4250879,-111.9347173 33.4159864)"
9,B4,23,E3,0.9509167303811547,1,"LINESTRING (-111.9271836 33.4250879,-111.9295699 33.4155261)"
9,B4,24,E4,0.9361667930687282,2,"LINESTRING (-111.9271836 33.4250879,-111.9269472 33.4153886)"
9,B4,25,E5,1.0755804393709012,0,"LINESTRING (-111.9271836 33.4250879,-111.9208864 33.41589)"
10,B5,1,A1,1.7983362691359221,0,"LINESTRING (-111.9208864 33.42663,-111.9391322 33.4304313)"
10,B5,2,A2,1.397219083596659,0,"LINESTRING (-111.9208864 33.42663,-111.9347148 33.4309263)"
10,B5,3,A3,0.9696877070476317,0,"LINESTRING (-111.9208864 33.42663,-111.9304603 33.4296853)"
10,B5,4,A4,0.5981204894567508,0,"LINESTRING (-111.9208864 33.42663,-111.9261617 33.4298852)"
10,B5,5,A5,0.5108704200002072,0,"LINESTRING (-111.9208864 33.42663,-111.9186286 33.431419)"
10,B5,6,B1,1.771621290681317,0,"LINESTRING (-111.9208864 33.42663,-111.9392444 33.4263167)"
10,B5,7,B2,1.412490568972024,0,"LINESTRING (-111.9208864 33.42663,-111.9355153 33.4260948)"
10,B5,8,B3,0.888709446207969,0,"LINESTRING (-111.9208864 33.42663,-111.9300963 33.4267259)"
10,B5,9,B4,0.6255750263955008,0,"LINESTRING (-111.9208864 33.42663,-111.9271836 33.4250879)"
10,B5,10,B5,0.0,0,"LINESTRING (-111.9208864 33.42663,-111.9208864 33.42663)"
10,B5,11,C1,1.7566150470955084,0,"LINESTRING (-111.9208864 33.42663,-111.9387482 33.4231111)"
10,B5,12,C2,1.3603791125472056,0,"LINESTRING (-111.9208864 33.42663,-111.9344624 33.422827)"
10,B5,13,C3,1.0320419601432824,0,"LINESTRING (-111.9208864 33.42663,-111.930794 33.4226002)"
10,B5,14,C4,0.6529409360479291,0,"LINESTRING (-111.9208864 33.42663,-111.9265546 33.4229336)"
10,B5,15,C5,0.34543419999994907,0,"LINESTRING (-111.9208864 33.42663,-111.9208864 33.42305)"
10,B5,16,D1,1.859576839041544,0,"LINESTRING (-111.9208864 33.42663,-111.9386832 33.4192347)"
10,B5,17,D2,1.5183763936582457,0,"LINESTRING (-111.9208864 33.42663,-111.9348689 33.419411)"
10,B5,18,D3,1.166332274066969,0,"LINESTRING (-111.9208864 33.42663,-111.9306672 33.4195274)"
10,B5,19,D4,0.874877043330244,0,"LINESTRING (-111.9208864 33.42663,-111.926839 33.4197906)"
10,B5,20,D5,0.6908683999998981,0,"LINESTRING (-111.9208864 33.42663,-111.9208864 33.41947)"
10,B5,21,E1,2.0279957842637795,0,"LINESTRING (-111.9208864 33.42663,-111.9391344 33.4162015)"
10,B5,22,E2,1.6839671064691584,0,"LINESTRING (-111.9208864 33.42663,-111.9347173 33.4159864)"
10,B5,23,E3,1.3601299731027985,0,"LINESTRING (-111.9208864 33.42663,-111.9295699 33.4155261)"
10,B5,24,E4,1.2322893325364574,0,"LINESTRING (-111.9208864 33.42663,-111.9269472 33.4153886)"
10,B5,25,E5,1.0363025999998472,0,"LINESTRING (-111.9208864 33.42663,-111.9208864 33.41589)"
11,C1,1,A1,0.7072964811312854,107,"LINESTRING (-111.9387482 33.4231111,-111.9391322 33.4304313)"
11,C1,2,A2,0.8485907490581498,20,"LINESTRING (-111.9387482 33.4231111,-111.9347148 33.4309263)"
11,C1,3,A3,1.0207432371430694,16,"LINESTRING (-111.9387482 33.4231111,-111.9304603 33.4296853)"
11,C1,4,A4,1.3791943701139797,92,"LINESTRING (-111.9387482 33.4231111,-111.9261617 33.4298852)"
11,C1,5,A5,2.1003379919152674,3,"LINESTRING (-111.9387482 33.4231111,-111.9186286 33.431419)"
11,C1,6,B1,0.31299328137129445,18,"LINESTRING (-111.9387482 33.4231111,-111.9392444 33.4263167)"
11,C1,7,B2,0.42448924534165006,8,"LINESTRING (-111.9387482 33.4231111,-111.9355153 33.4260948)"
11,C1,8,B3,0.9047578891460368,20,"LINESTRING (-111.9387482 33.4231111,-111.9300963 33.4267259)"
11,C1,9,B4,1.132051340930367,1,"LINESTRING (-111.9387482 33.4231111,-111.9271836 33.4250879)"
11,C1,10,B5,1.7566150470955084,0,"LINESTRING (-111.9387482 33.4231111,-111.9208864 33.42663)"
11,C1,11,C1,0.0,0,"LINESTRING (-111.9387482 33.4231111,-111.9387482 33.4231111)"
11,C1,12,C2,0.4144434607905254,17,"LINESTRING (-111.9387482 33.4231111,-111.9344624 33.422827)"
11,C1,13,C3,0.769081612340818,12,"LINESTRING (-111.9387482 33.4231111,-111.930794 33.4226002)"
11,C1,14,C4,1.1766914010277056,145,"LINESTRING (-111.9387482 33.4231111,-111.9265546 33.4229336)"
11,C1,15,C5,1.7234982430485506,0,"LINESTRING (-111.9387482 33.4231111,-111.9208864 33.42305)"
11,C1,16,D1,0.37409104754624034,123,"LINESTRING (-111.9387482 33.4231111,-111.9386832 33.4192347)"
11,C1,17,D2,0.5172820337841441,15,"LINESTRING (-111.9387482 33.4231111,-111.9348689 33.419411)"
11,C1,18,D3,0.8529776919236497,13,"LINESTRING (-111.9387482 33.4231111,-111.9306672 33.4195274)"
11,C1,19,D4,1.1929478303315018,95,"LINESTRING (-111.9387482 33.4231111,-111.926839 33.4197906)"
11,C1,20,D5,1.7589330677884636,0,"LINESTRING (-111.9387482 33.4231111,-111.9208864 33.41947)"
11,C1,21,E1,0.6677461487272138,58,"LINESTRING (-111.9387482 33.4231111,-111.9391344 33.4162015)"
11,C1,22,E2,0.7898597391621288,61,"LINESTRING (-111.9387482 33.4231111,-111.9347173 33.4159864)"
11,C1,23,E3,1.1489013656252678,12,"LINESTRING (-111.9387482 33.4231111,-111.9295699 33.4155261)"
11,C1,24,E4,1.3608243230312274,94,"LINESTRING (-111.9387482 33.4231111,-111.9269472 33.4153886)"
11,C1,25,E5,1.8590036183900343,0,"LINESTRING (-111.9387482 33.4231111,-111.9208864 33.41589)"
12,C2,1,A1,0.8610475645865827,72,"LINESTRING (-111.9344624 33.422827,-111.9391322 33.4304313)"
12,C2,2,A2,0.7818815241988242,14,"LINESTRING (-111.9344624 33.422827,-111.9347148 33.4309263)"
12,C2,3,A3,0.7661951355498361,12,"LINESTRING (-111.9344624 33.422827,-111.9304603 33.4296853)"
12,C2,4,A4,1.0513448229403777,67,"LINESTRING (-111.9344624 33.422827,-111.9261617 33.4298852)"
12,C2,5,A5,1.7382496922942288,2,"LINESTRING (-111.9344624 33.422827,-111.9186286 33.431419)"
12,C2,6,B1,0.5712142096055609,12,"LINESTRING (-111.9344624 33.422827,-111.9392444 33.4263167)"
12,C2,7,B2,0.331275214799143,6,"LINESTRING (-111.9344624 33.422827,-111.9355153 33.4260948)"
12,C2,8,B3,0.564814106259333,14,"LINESTRING (-111.9344624 33.422827,-111.9300963 33.4267259)"
12,C2,9,B4,0.7354333019785813,1,"LINESTRING (-111.9344624 33.422827,-111.9271836 33.4250879)"
12,C2,10,B5,1.3603791125472056,0,"LINESTRING (-111.9344624 33.422827,-111.9208864 33.42663)"
12,C2,11,C1,0.4144434607905254,14,"LINESTRING (-111.9344624 33.422827,-111.9387482 33.4231111)"
12,C2,12,C2,0.0,0,"LINESTRING (-111.9344624 33.422827,-111.9344624 33.422827)"
12,C2,13,C3,0.354640045970437,9,"LINESTRING (-111.9344624 33.422827,-111.930794 33.4226002)"
12,C2,14,C4,0.7631006026050865,107,"LINESTRING (-111.9344624 33.422827,-111.9265546 33.4229336)"
12,C2,15,C5,1.3101293685749749,0,"LINESTRING (-111.9344624 33.422827,-111.9208864 33.42305)"
12,C2,16,D1,0.5347997285661941,83,"LINESTRING (-111.9344624 33.422827,-111.9386832 33.4192347)"
12,C2,17,D2,0.3319344213800759,11,"LINESTRING (-111.9344624 33.422827,-111.9348689 33.419411)"
12,C2,18,D3,0.4852524377880751,9,"LINESTRING (-111.9344624 33.422827,-111.9306672 33.4195274)"
12,C2,19,D4,0.7917806840546684,70,"LINESTRING (-111.9344624 33.422827,-111.926839 33.4197906)"
12,C2,20,D5,1.3494058574090346,0,"LINESTRING (-111.9344624 33.422827,-111.9208864 33.41947)"
12,C2,21,E1,0.7822454530554653,40,"LINESTRING (-111.9344624 33.422827,-111.9391344 33.4162015)"
12,C2,22,E2,0.6605023658918029,43,"LINESTRING (-111.9344624 33.422827,-111.9347173 33.4159864)"
12,C2,23,E3,0.8480167519527025,9,"LINESTRING (-111.9344624 33.422827,-111.9295699 33.4155261)"
12,C2,24,E4,1.0202813803958382,69,"LINESTRING (-111.9344624 33.422827,-111.9269472 33.4153886)"
12,C2,25,E5,1.471055045426979,0,"LINESTRING (-111.9344624 33.422827,-111.9208864 33.41589)"
13,C3,1,A1,1.1037520109135237,35,"LINESTRING (-111.930794 33.4226002,-111.9391322 33.4304313)"
13,C3,2,A2,0.8880066526972187,7,"LINESTRING (-111.930794 33.4226002,-111.9347148 33.4309263)"
13,C3,3,A3,0.6844071093289443,6,"LINESTRING (-111.930794 33.4226002,-111.9304603 33.4296853)"
13,C3,4,A4,0.8330057325804963,34,"LINESTRING (-111.930794 33.4226002,-111.9261617 33.4298852)"
13,C3,5,A5,1.4498247568421825,1,"LINESTRING (-111.930794 33.4226002,-111.9186286 33.431419)"
13,C3,6,B1,0.8907524881767502,6,"LINESTRING (-111.930794 33.4226002,-111.9392444 33.4263167)"
13,C3,7,B2,0.5667763844700033,3,"LINESTRING (-111.930794 33.4226002,-111.9355153 33.4260948)"
13,C3,8,B3,0.40374183793570967,8,"LINESTRING (-111.930794 33.4226002,-111.9300963 33.4267259)"
13,C3,9,B4,0.42306139063598724,1,"LINESTRING (-111.930794 33.4226002,-111.9271836 33.4250879)"
13,C3,10,B5,1.0320419601432824,0,"LINESTRING (-111.930794 33.4226002,-111.9208864 33.42663)"
13,C3,11,C1,0.769081612340818,7,"LINESTRING (-111.930794 33.4226002,-111.9387482 33.4231111)"
13,C3,12,C2,0.354640045970437,6,"LINESTRING (-111.930794 33.4226002,-111.9344624 33.422827)"
13,C3,13,C3,0.0,0,"LINESTRING (-111.930794 33.4226002,-111.930794 33.4226002)"
13,C3,14,C4,0.4103306415829901,56,"LINESTRING (-111.930794 33.4226002,-111.9265546 33.4229336)"
13,C3,15,C5,0.9569734133215965,0,"LINESTRING (-111.930794 33.4226002,-111.9208864 33.42305)"
13,C3,16,D1,0.8276005820067927,39,"LINESTRING (-111.930794 33.4226002,-111.9386832 33.4192347)"
13,C3,17,D2,0.4992868196442313,6,"LINESTRING (-111.930794 33.4226002,-111.9348689 33.419411)"
13,C3,18,D3,0.29674138394606814,5,"LINESTRING (-111.930794 33.4226002,-111.9306672 33.4195274)"
13,C3,19,D4,0.4681054740280408,37,"LINESTRING (-111.930794 33.4226002,-111.926839 33.4197906)"
13,C3,20,D5,1.002564308746125,0,"LINESTRING (-111.930794 33.4226002,-111.9208864 33.41947)"
13,C3,21,E1,1.0143115034693224,19,"LINESTRING (-111.930794 33.4226002,-111.9391344 33.4162015)"
13,C3,22,E2,0.7419931685610394,21,"LINESTRING (-111.930794 33.4226002,-111.9347173 33.4159864)"
13,C3,23,E3,0.6927218537231448,5,"LINESTRING (-111.930794 33.4226002,-111.9295699 33.4155261)"
13,C3,24,E4,0.7886543201274367,35,"LINESTRING (-111.930794 33.4226002,-111.9269472 33.4153886)"
13,C3,25,E5,1.1546089578718903,0,"LINESTRING (-111.930794 33.4226002,-111.9208864 33.41589)"
14,C4,1,A1,1.4128831077525454,255,"LINESTRING (-111.9265546 33.4229336,-111.9391322 33.4304313)"
14,C4,2,A2,1.1021527533769448,51,"LINESTRING (-111.9265546 33.4229336,-111.9347148 33.4309263)"
14,C4,3,A3,0.7526247375494456,43,"LINESTRING (-111.9265546 33.4229336,-111.9304603 33.4296853)"
14,C4,4,A4,0.6718248468131043,267,"LINESTRING (-111.9265546 33.4229336,-111.9261617 33.4298852)"
14,C4,5,A5,1.1203755666414954,7,"LINESTRING (-111.9265546 33.4229336,-111.9186286 33.431419)"
14,C4,6,B1,1.2672093228041204,41,"LINESTRING (-111.9265546 33.4229336,-111.9392444 33.4263167)"
14,C4,7,B2,0.9168502180632568,18,"LINESTRING (-111.9265546 33.4229336,-111.9355153 33.4260948)"
14,C4,8,B3,0.5006773481967552,54,"LINESTRING (-111.9265546 33.4229336,-111.9300963 33.4267259)"
14,C4,9,B4,0.2165495461478658,2,"LINESTRING (-111.9265546 33.4229336,-111.9271836 33.4250879)"
14,C4,10,B5,0.6529409360479291,0,"LINESTRING (-111.9265546 33.4229336,-111.9208864 33.42663)"
14,C4,11,C1,1.1766914010277056,48,"LINESTRING (-111.9265546 33.4229336,-111.9387482 33.4231111)"
14,C4,12,C2,0.7631006026050865,42,"LINESTRING (-111.9265546 33.4229336,-111.9344624 33.422827)"
14,C4,13,C3,0.4103306415829901,32,"LINESTRING (-111.9265546 33.4229336,-111.930794 33.4226002)"
14,C4,14,C4,0.0,0,"LINESTRING (-111.9265546 33.4229336,-111.9265546 33.4229336)"
14,C4,15,C5,0.547036668417517,0,"LINESTRING (-111.9265546 33.4229336,-111.9208864 33.42305)"
14,C4,16,D1,1.2235110690523898,285,"LINESTRING (-111.9265546 33.4229336,-111.9386832 33.4192347)"
14,C4,17,D2,0.8712856380028958,37,"LINESTRING (-111.9265546 33.4229336,-111.9348689 33.419411)"
14,C4,18,D3,0.5152573891854036,34,"LINESTRING (-111.9265546 33.4229336,-111.9306672 33.4195274)"
14,C4,19,D4,0.3045069875458963,289,"LINESTRING (-111.9265546 33.4229336,-111.926839 33.4197906)"
14,C4,20,D5,0.6409492493784016,0,"LINESTRING (-111.9265546 33.4229336,-111.9208864 33.41947)"
14,C4,21,E1,1.3767114521509416,138,"LINESTRING (-111.9265546 33.4229336,-111.9391344 33.4162015)"
14,C4,22,E2,1.0342655579727722,156,"LINESTRING (-111.9265546 33.4229336,-111.9347173 33.4159864)"
14,C4,23,E3,0.7717000297645271,33,"LINESTRING (-111.9265546 33.4229336,-111.9295699 33.4155261)"
14,C4,24,E4,0.7290055534833283,272,"LINESTRING (-111.9265546 33.4229336,-111.9269472 33.4153886)"
14,C4,25,E5,0.872371673670888,0,"LINESTRING (-111.9265546 33.4229336,-111.9208864 33.41589)"
15,C5,1,A1,1.899142223529675,0,"LINESTRING (-111.9208864 33.42305,-111.9391322 33.4304313)"
15,C5,2,A2,1.5355598194013602,0,"LINESTRING (-111.9208864 33.42305,-111.9347148 33.4309263)"
15,C5,3,A3,1.1239632272290117,0,"LINESTRING (-111.9208864 33.42305,-111.9304603 33.4296853)"
15,C5,4,A4,0.8331077210899082,0,"LINESTRING (-111.9208864 33.42305,-111.9261617 33.4298852)"
15,C5,5,A5,0.8363953448855119,0,"LINESTRING (-111.9208864 33.42305,-111.9186286 33.431419)"
15,C5,6,B1,1.7991899172374601,0,"LINESTRING (-111.9208864 33.42305,-111.9392444 33.4263167)"
15,C5,7,B2,1.4417963516192922,0,"LINESTRING (-111.9208864 33.42305,-111.9355153 33.4260948)"
15,C5,8,B3,0.9568274706806313,0,"LINESTRING (-111.9208864 33.42305,-111.9300963 33.4267259)"
15,C5,9,B4,0.6386477353698555,0,"LINESTRING (-111.9208864 33.42305,-111.9271836 33.4250879)"
15,C5,10,B5,0.34543419999994907,0,"LINESTRING (-111.9208864 33.42305,-111.9208864 33.42663)"
15,C5,11,C1,1.7234982430485506,0,"LINESTRING (-111.9208864 33.42305,-111.9387482 33.4231111)"
15,C5,12,C2,1.3101293685749749,0,"LINESTRING (-111.9208864 33.42305,-111.9344624 33.422827)"
15,C5,13,C3,0.9569734133215965,0,"LINESTRING (-111.9208864 33.42305,-111.930794 33.4226002)"
15,C5,14,C4,0.547036668417517,0,"LINESTRING (-111.9208864 33.42305,-111.9265546 33.4229336)"
15,C5,15,C5,0.0,0,"LINESTRING (-111.9208864 33.42305,-111.9208864 33.42305)"
15,C5,16,D1,1.7562358655764734,0,"LINESTRING (-111.9208864 33.42305,-111.9386832 33.4192347)"
15,C5,17,D2,1.3941154451546127,0,"LINESTRING (-111.9208864 33.42305,-111.9348689 33.419411)"
15,C5,18,D3,1.0030871335235674,0,"LINESTRING (-111.9208864 33.42305,-111.9306672 33.4195274)"
15,C5,19,D4,0.6548353104119418,0,"LINESTRING (-111.9208864 33.42305,-111.926839 33.4197906)"
15,C5,20,D5,0.34543419999994907,0,"LINESTRING (-111.9208864 33.42305,-111.9208864 33.41947)"
15,C5,21,E1,1.8806676511684661,0,"LINESTRING (-111.9208864 33.42305,-111.9391344 33.4162015)"
15,C5,22,E2,1.4985156403939521,0,"LINESTRING (-111.9208864 33.42305,-111.9347173 33.4159864)"
15,C5,23,E3,1.1086345152765604,0,"LINESTRING (-111.9208864 33.42305,-111.9295699 33.4155261)"
15,C5,24,E4,0.9425963475176675,0,"LINESTRING (-111.9208864 33.42305,-111.9269472 33.4153886)"
15,C5,25,E5,0.6908683999998981,0,"LINESTRING (-111.9208864 33.42305,-111.9208864 33.41589)"
16,D1,1,A1,1.0812321560716638,297,"LINESTRING (-111.9386832 33.4192347,-111.9391322 33.4304313)"
16,D1,2,A2,1.1913365707365433,56,"LINESTRING (-111.9386832 33.4192347,-111.9347148 33.4309263)"
16,D1,3,A3,1.2831100093587593,44,"LINESTRING (-111.9386832 33.4192347,-111.9304603 33.4296853)"
16,D1,4,A4,1.5861445147884974,262,"LINESTRING (-111.9386832 33.4192347,-111.9261617 33.4298852)"
16,D1,5,A5,2.2642209583379014,7,"LINESTRING (-111.9386832 33.4192347,-111.9186286 33.431419)"
16,D1,6,B1,0.685490397943022,49,"LINESTRING (-111.9386832 33.4192347,-111.9392444 33.4263167)"
16,D1,7,B2,0.7291026109986041,21,"LINESTRING (-111.9386832 33.4192347,-111.9355153 33.4260948)"
16,D1,8,B3,1.099536086082849,55,"LINESTRING (-111.9386832 33.4192347,-111.9300963 33.4267259)"
16,D1,9,B4,1.245062071656288,2,"LINESTRING (-111.9386832 33.4192347,-111.9271836 33.4250879)"
16,D1,10,B5,1.859576839041544,0,"LINESTRING (-111.9386832 33.4192347,-111.9208864 33.42663)"
16,D1,11,C1,0.37409104754624034,60,"LINESTRING (-111.9386832 33.4192347,-111.9387482 33.4231111)"
16,D1,12,C2,0.5347997285661941,49,"LINESTRING (-111.9386832 33.4192347,-111.9344624 33.422827)"
16,D1,13,C3,0.8276005820067927,34,"LINESTRING (-111.9386832 33.4192347,-111.930794 33.4226002)"
16,D1,14,C4,1.2235110690523898,426,"LINESTRING (-111.9386832 33.4192347,-111.9265546 33.4229336)"
16,D1,15,C5,1.7562358655764734,0,"LINESTRING (-111.9386832 33.4192347,-111.9208864 33.42305)"
16,D1,16,D1,0.0,0,"LINESTRING (-111.9386832 33.4192347,-111.9386832 33.4192347)"
16,D1,17,D2,0.36843833402995235,45,"LINESTRING (-111.9386832 33.4192347,-111.9348689 33.419411)"
16,D1,18,D3,0.773987868080757,37,"LINESTRING (-111.9386832 33.4192347,-111.9306672 33.4195274)"
16,D1,19,D4,1.1441058242959226,283,"LINESTRING (-111.9386832 33.4192347,-111.926839 33.4197906)"
16,D1,20,D5,1.7173678650288526,0,"LINESTRING (-111.9386832 33.4192347,-111.9208864 33.41947)"
16,D1,21,E1,0.2958871284762748,182,"LINESTRING (-111.9386832 33.4192347,-111.9391344 33.4162015)"
16,D1,22,E2,0.4946415898720936,188,"LINESTRING (-111.9386832 33.4192347,-111.9347173 33.4159864)"
16,D1,23,E3,0.9493731608546585,36,"LINESTRING (-111.9386832 33.4192347,-111.9295699 33.4155261)"
16,D1,24,E4,1.1916707682294585,284,"LINESTRING (-111.9386832 33.4192347,-111.9269472 33.4153886)"
16,D1,25,E5,1.747280723063579,0,"LINESTRING (-111.9386832 33.4192347,-111.9208864 33.41589)"
17,D2,1,A1,1.140147958476362,68,"LINESTRING (-111.9348689 33.419411,-111.9391322 33.4304313)"
17,D2,2,A2,1.111210905617479,14,"LINESTRING (-111.9348689 33.419411,-111.9347148 33.4309263)"
17,D2,3,A3,1.0787830327862997,11,"LINESTRING (-111.9348689 33.419411,-111.9304603 33.4296853)"
17,D2,4,A4,1.314263805892833,63,"LINESTRING (-111.9348689 33.419411,-111.9261617 33.4298852)"
17,D2,5,A5,1.9488598396260812,2,"LINESTRING (-111.9348689 33.419411,-111.9186286 33.431419)"
17,D2,6,B1,0.7888286591038116,12,"LINESTRING (-111.9348689 33.419411,-111.9392444 33.4263167)"
17,D2,7,B2,0.6479310634877081,5,"LINESTRING (-111.9348689 33.419411,-111.9355153 33.4260948)"
17,D2,8,B3,0.8427581069779467,14,"LINESTRING (-111.9348689 33.419411,-111.9300963 33.4267259)"
17,D2,9,B4,0.9219259988983111,1,"LINESTRING (-111.9348689 33.419411,-111.9271836 33.4250879)"
17,D2,10,B5,1.5183763936582457,0,"LINESTRING (-111.9348689 33.419411,-111.9208864 33.42663)"
17,D2,11,C1,0.5172820337841441,14,"LINESTRING (-111.9348689 33.419411,-111.9387482 33.4231111)"
17,D2,12,C2,0.3319344213800759,12,"LINESTRING (-111.9348689 33.419411,-111.9344624 33.422827)"
17,D2,13,C3,0.4992868196442313,9,"LINESTRING (-111.9348689 33.419411,-111.930794 33.4226002)"
17,D2,14,C4,0.8712856380028958,104,"LINESTRING (-111.9348689 33.419411,-111.9265546 33.4229336)"
17,D2,15,C5,1.3941154451546127,0,"LINESTRING (-111.9348689 33.419411,-111.9208864 33.42305)"
17,D2,16,D1,0.36843833402995235,84,"LINESTRING (-111.9348689 33.419411,-111.9386832 33.4192347)"
17,D2,17,D2,0.0,0,"LINESTRING (-111.9348689 33.419411,-111.9348689 33.419411)"
17,D2,18,D3,0.4055825132515249,9,"LINESTRING (-111.9348689 33.419411,-111.9306672 33.4195274)"
17,D2,19,D4,0.7756676298271367,69,"LINESTRING (-111.9348689 33.419411,-111.926839 33.4197906)"
17,D2,20,D5,1.3491843643764467,0,"LINESTRING (-111.9348689 33.419411,-111.9208864 33.41947)"
17,D2,21,E1,0.5150705569503414,41,"LINESTRING (-111.9348689 33.419411,-111.9391344 33.4162015)"
17,D2,22,E2,0.3307584404783551,45,"LINESTRING (-111.9348689 33.419411,-111.9347173 33.4159864)"
17,D2,23,E3,0.6339940848619096,9,"LINESTRING (-111.9348689 33.419411,-111.9295699 33.4155261)"
17,D2,24,E4,0.8572595761977689,69,"LINESTRING (-111.9348689 33.419411,-111.9269472 33.4153886)"
17,D2,25,E5,1.3912902633154303,0,"LINESTRING (-111.9348689 33.419411,-111.9208864 33.41589)"
18,D3,1,A1,1.3319516472905109,134,"LINESTRING (-111.9306672 33.4195274,-111.9391322 33.4304313)"
18,D3,2,A2,1.1671613591271697,27,"LINESTRING (-111.9306672 33.4195274,-111.9347148 33.4309263)"
18,D3,3,A3,0.9803410342469931,22,"LINESTRING (-111.9306672 33.4195274,-111.9304603 33.4296853)"
18,D3,4,A4,1.0898768601335904,131,"LINESTRING (-111.9306672 33.4195274,-111.9261617 33.4298852)"
18,D3,5,A5,1.6327544421349898,4,"LINESTRING (-111.9306672 33.4195274,-111.9186286 33.431419)"
18,D3,6,B1,1.0555143823805866,22,"LINESTRING (-111.9306672 33.4195274,-111.9392444 33.4263167)"
18,D3,7,B2,0.7876526481239409,10,"LINESTRING (-111.9306672 33.4195274,-111.9355153 33.4260948)"
18,D3,8,B3,0.6967581236160728,28,"LINESTRING (-111.9306672 33.4195274,-111.9300963 33.4267259)"
18,D3,9,B4,0.6331250588762452,1,"LINESTRING (-111.9306672 33.4195274,-111.9271836 33.4250879)"
18,D3,10,B5,1.166332274066969,0,"LINESTRING (-111.9306672 33.4195274,-111.9208864 33.42663)"
18,D3,11,C1,0.8529776919236497,26,"LINESTRING (-111.9306672 33.4195274,-111.9387482 33.4231111)"
18,D3,12,C2,0.4852524377880751,23,"LINESTRING (-111.9306672 33.4195274,-111.9344624 33.422827)"
18,D3,13,C3,0.29674138394606814,17,"LINESTRING (-111.9306672 33.4195274,-111.930794 33.4226002)"
18,D3,14,C4,0.5152573891854036,220,"LINESTRING (-111.9306672 33.4195274,-111.9265546 33.4229336)"
18,D3,15,C5,1.0030871335235674,0,"LINESTRING (-111.9306672 33.4195274,-111.9208864 33.42305)"
18,D3,16,D1,0.773987868080757,158,"LINESTRING (-111.9306672 33.4195274,-111.9386832 33.4192347)"
18,D3,17,D2,0.4055825132515249,21,"LINESTRING (-111.9306672 33.4195274,-111.9348689 33.419411)"
18,D3,18,D3,0.0,0,"LINESTRING (-111.9306672 33.4195274,-111.9306672 33.4195274)"
18,D3,19,D4,0.3702473730830857,148,"LINESTRING (-111.9306672 33.4195274,-111.926839 33.4197906)"
18,D3,20,D5,0.9437617254424107,0,"LINESTRING (-111.9306672 33.4195274,-111.9208864 33.41947)"
18,D3,21,E1,0.8777717641990096,77,"LINESTRING (-111.9306672 33.4195274,-111.9391344 33.4162015)"
18,D3,22,E2,0.5191003111886598,88,"LINESTRING (-111.9306672 33.4195274,-111.9347173 33.4159864)"
18,D3,23,E3,0.4003425863922115,19,"LINESTRING (-111.9306672 33.4195274,-111.9295699 33.4155261)"
18,D3,24,E4,0.5369566820069757,146,"LINESTRING (-111.9306672 33.4195274,-111.9269472 33.4153886)"
18,D3,25,E5,1.0068953095723283,0,"LINESTRING (-111.9306672 33.4195274,-111.9208864 33.41589)"
19,D4,1,A1,1.568801393366272,229,"LINESTRING (-111.926839 33.4197906,-111.9391322 33.4304313)"
19,D4,2,A2,1.3160570034517098,46,"LINESTRING (-111.926839 33.4197906,-111.9347148 33.4309263)"
19,D4,3,A3,1.0166711262157144,38,"LINESTRING (-111.926839 33.4197906,-111.9304603 33.4296853)"
19,D4,4,A4,0.9762120811856797,235,"LINESTRING (-111.926839 33.4197906,-111.9261617 33.4298852)"
19,D4,5,A5,1.3735185051197738,6,"LINESTRING (-111.926839 33.4197906,-111.9186286 33.431419)"
19,D4,6,B1,1.3525237168311175,37,"LINESTRING (-111.926839 33.4197906,-111.9392444 33.4263167)"
19,D4,7,B2,1.0348329230087534,16,"LINESTRING (-111.926839 33.4197906,-111.9355153 33.4260948)"
19,D4,8,B3,0.7393104404912885,48,"LINESTRING (-111.926839 33.4197906,-111.9300963 33.4267259)"
19,D4,9,B4,0.512215939412393,2,"LINESTRING (-111.926839 33.4197906,-111.9271836 33.4250879)"
19,D4,10,B5,0.874877043330244,0,"LINESTRING (-111.926839 33.4197906,-111.9208864 33.42663)"
19,D4,11,C1,1.1929478303315018,44,"LINESTRING (-111.926839 33.4197906,-111.9387482 33.4231111)"
19,D4,12,C2,0.7917806840546684,39,"LINESTRING (-111.926839 33.4197906,-111.9344624 33.422827)"
19,D4,13,C3,0.4681054740280408,29,"LINESTRING (-111.926839 33.4197906,-111.930794 33.4226002)"
19,D4,14,C4,0.3045069875458963,404,"LINESTRING (-111.926839 33.4197906,-111.9265546 33.4229336)"
19,D4,15,C5,0.6548353104119418,0,"LINESTRING (-111.926839 33.4197906,-111.9208864 33.42305)"
19,D4,16,D1,1.1441058242959226,265,"LINESTRING (-111.926839 33.4197906,-111.9386832 33.4192347)"
19,D4,17,D2,0.7756676298271367,35,"LINESTRING (-111.926839 33.4197906,-111.9348689 33.419411)"
19,D4,18,D3,0.3702473730830857,32,"LINESTRING (-111.926839 33.4197906,-111.9306672 33.4195274)"
19,D4,19,D4,0.0,0,"LINESTRING (-111.926839 33.4197906,-111.926839 33.4197906)"
19,D4,20,D5,0.5752028334748956,0,"LINESTRING (-111.926839 33.4197906,-111.9208864 33.41947)"
19,D4,21,E1,1.2358926305722464,130,"LINESTRING (-111.926839 33.4197906,-111.9391344 33.4162015)"
19,D4,22,E2,0.8441619591730929,147,"LINESTRING (-111.926839 33.4197906,-111.9347173 33.4159864)"
19,D4,23,E3,0.4886212733316888,32,"LINESTRING (-111.926839 33.4197906,-111.9295699 33.4155261)"
19,D4,24,E4,0.4248813745128515,263,"LINESTRING (-111.926839 33.4197906,-111.9269472 33.4153886)"
19,D4,25,E5,0.6866999989602466,0,"LINESTRING (-111.926839 33.4197906,-111.9208864 33.41589)"
20,D5,1,A1,2.053805883367749,0,"LINESTRING (-111.9208864 33.41947,-111.9391322 33.4304313)"
20,D5,2,A2,1.7327193435211594,0,"LINESTRING (-111.9208864 33.41947,-111.9347148 33.4309263)"
20,D5,3,A3,1.350904140265336,0,"LINESTRING (-111.9208864 33.41947,-111.9304603 33.4296853)"
20,D5,4,A4,1.1265160465037625,0,"LINESTRING (-111.9208864 33.41947,-111.9261617 33.4298852)"
20,D5,5,A5,1.1733607002624258,0,"LINESTRING (-111.9208864 33.41947,-111.9186286 33.431419)"
20,D5,6,B1,1.8905492038140004,0,"LINESTRING (-111.9208864 33.41947,-111.9392444 33.4263167)"
20,D5,7,B2,1.5495397396355155,0,"LINESTRING (-111.9208864 33.41947,-111.9355153 33.4260948)"
20,D5,8,B3,1.1313190136199973,0,"LINESTRING (-111.9208864 33.41947,-111.9300963 33.4267259)"
20,D5,9,B4,0.8142771759023878,0,"LINESTRING (-111.9208864 33.41947,-111.9271836 33.4250879)"
20,D5,10,B5,0.6908683999998981,0,"LINESTRING (-111.9208864 33.41947,-111.9208864 33.42663)"
20,D5,11,C1,1.7589330677884636,0,"LINESTRING (-111.9208864 33.41947,-111.9387482 33.4231111)"
20,D5,12,C2,1.3494058574090346,0,"LINESTRING (-111.9208864 33.41947,-111.9344624 33.422827)"
20,D5,13,C3,1.002564308746125,0,"LINESTRING (-111.9208864 33.41947,-111.930794 33.4226002)"
20,D5,14,C4,0.6409492493784016,0,"LINESTRING (-111.9208864 33.41947,-111.9265546 33.4229336)"
20,D5,15,C5,0.34543419999994907,0,"LINESTRING (-111.9208864 33.41947,-111.9208864 33.42305)"
20,D5,16,D1,1.7173678650288526,0,"LINESTRING (-111.9208864 33.41947,-111.9386832 33.4192347)"
20,D5,17,D2,1.3491843643764467,0,"LINESTRING (-111.9208864 33.41947,-111.9348689 33.419411)"
20,D5,18,D3,0.9437617254424107,0,"LINESTRING (-111.9208864 33.41947,-111.9306672 33.4195274)"
20,D5,19,D4,0.5752028334748956,0,"LINESTRING (-111.9208864 33.41947,-111.926839 33.4197906)"
20,D5,20,D5,0.0,0,"LINESTRING (-111.9208864 33.41947,-111.9208864 33.41947)"
20,D5,21,E1,1.7887717295313506,0,"LINESTRING (-111.9208864 33.41947,-111.9391344 33.4162015)"
20,D5,22,E2,1.37622767244366,0,"LINESTRING (-111.9208864 33.41947,-111.9347173 33.4159864)"
20,D5,23,E3,0.9202374727490606,0,"LINESTRING (-111.9208864 33.41947,-111.9295699 33.4155261)"
20,D5,24,E4,0.705044908274187,0,"LINESTRING (-111.9208864 33.41947,-111.9269472 33.4153886)"
20,D5,25,E5,0.34543419999994907,0,"LINESTRING (-111.9208864 33.41947,-111.9208864 33.41589)"
21,E1,1,A1,1.3730313139358334,128,"LINESTRING (-111.9391344 33.4162015,-111.9391322 33.4304313)"
21,E1,2,A2,1.4834081458270147,25,"LINESTRING (-111.9391344 33.4162015,-111.9347148 33.4309263)"
21,E1,3,A3,1.5470111090374528,19,"LINESTRING (-111.9391344 33.4162015,-111.9304603 33.4296853)"
21,E1,4,A4,1.8193750614622308,114,"LINESTRING (-111.9391344 33.4162015,-111.9261617 33.4298852)"
21,E1,5,A5,2.4639161404521674,3,"LINESTRING (-111.9391344 33.4162015,-111.9186286 33.431419)"
21,E1,6,B1,0.976073456428009,21,"LINESTRING (-111.9391344 33.4162015,-111.9392444 33.4263167)"
21,E1,7,B2,1.0164672580229621,9,"LINESTRING (-111.9391344 33.4162015,-111.9355153 33.4260948)"
21,E1,8,B3,1.3385669708398986,24,"LINESTRING (-111.9391344 33.4162015,-111.9300963 33.4267259)"
21,E1,9,B4,1.4369836753686613,1,"LINESTRING (-111.9391344 33.4162015,-111.9271836 33.4250879)"
21,E1,10,B5,2.0279957842637795,0,"LINESTRING (-111.9391344 33.4162015,-111.9208864 33.42663)"
21,E1,11,C1,0.6677461487272138,26,"LINESTRING (-111.9391344 33.4162015,-111.9387482 33.4231111)"
21,E1,12,C2,0.7822454530554653,21,"LINESTRING (-111.9391344 33.4162015,-111.9344624 33.422827)"
21,E1,13,C3,1.0143115034693224,15,"LINESTRING (-111.9391344 33.4162015,-111.930794 33.4226002)"
21,E1,14,C4,1.3767114521509416,187,"LINESTRING (-111.9391344 33.4162015,-111.9265546 33.4229336)"
21,E1,15,C5,1.8806676511684661,0,"LINESTRING (-111.9391344 33.4162015,-111.9208864 33.42305)"
21,E1,16,D1,0.2958871284762748,165,"LINESTRING (-111.9391344 33.4162015,-111.9386832 33.4192347)"
21,E1,17,D2,0.5150705569503414,20,"LINESTRING (-111.9391344 33.4162015,-111.9348689 33.419411)"
21,E1,18,D3,0.8777717641990096,17,"LINESTRING (-111.9391344 33.4162015,-111.9306672 33.4195274)"
21,E1,19,D4,1.2358926305722464,126,"LINESTRING (-111.9391344 33.4162015,-111.926839 33.4197906)"
21,E1,20,D5,1.7887717295313506,0,"LINESTRING (-111.9391344 33.4162015,-111.9208864 33.41947)"
21,E1,21,E1,0.0,0,"LINESTRING (-111.9391344 33.4162015,-111.9391344 33.4162015)"
21,E1,22,E2,0.4267077555238853,86,"LINESTRING (-111.9391344 33.4162015,-111.9347173 33.4159864)"
21,E1,23,E3,0.9251829566155608,17,"LINESTRING (-111.9391344 33.4162015,-111.9295699 33.4155261)"
21,E1,24,E4,1.1785586505946424,128,"LINESTRING (-111.9391344 33.4162015,-111.9269472 33.4153886)"
21,E1,25,E5,1.7610074842682673,0,"LINESTRING (-111.9391344 33.4162015,-111.9208864 33.41589)"
22,E2,1,A1,1.4574319918400735,158,"LINESTRING (-111.9347173 33.4159864,-111.9391322 33.4304313)"
22,E2,2,A2,1.4415464604806951,31,"LINESTRING (-111.9347173 33.4159864,-111.9347148 33.4309263)"
22,E2,3,A3,1.3841606513446467,25,"LINESTRING (-111.9347173 33.4159864,-111.9304603 33.4296853)"
22,E2,4,A4,1.574810697011707,147,"LINESTRING (-111.9347173 33.4159864,-111.9261617 33.4298852)"
22,E2,5,A5,2.151125977844145,4,"LINESTRING (-111.9347173 33.4159864,-111.9186286 33.431419)"
22,E2,6,B1,1.088284152453989,26,"LINESTRING (-111.9347173 33.4159864,-111.9392444 33.4263167)"
22,E2,7,B2,0.9783913344553834,11,"LINESTRING (-111.9347173 33.4159864,-111.9355153 33.4260948)"
22,E2,8,B3,1.1281060940822576,31,"LINESTRING (-111.9347173 33.4159864,-111.9300963 33.4267259)"
22,E2,9,B4,1.1400277831958334,2,"LINESTRING (-111.9347173 33.4159864,-111.9271836 33.4250879)"
22,E2,10,B5,1.6839671064691584,0,"LINESTRING (-111.9347173 33.4159864,-111.9208864 33.42663)"
22,E2,11,C1,0.7898597391621288,32,"LINESTRING (-111.9347173 33.4159864,-111.9387482 33.4231111)"
22,E2,12,C2,0.6605023658918029,27,"LINESTRING (-111.9347173 33.4159864,-111.9344624 33.422827)"
22,E2,13,C3,0.7419931685610394,19,"LINESTRING (-111.9347173 33.4159864,-111.930794 33.4226002)"
22,E2,14,C4,1.0342655579727722,245,"LINESTRING (-111.9347173 33.4159864,-111.9265546 33.4229336)"
22,E2,15,C5,1.4985156403939521,0,"LINESTRING (-111.9347173 33.4159864,-111.9208864 33.42305)"
22,E2,16,D1,0.4946415898720936,199,"LINESTRING (-111.9347173 33.4159864,-111.9386832 33.4192347)"
22,E2,17,D2,0.3307584404783551,26,"LINESTRING (-111.9347173 33.4159864,-111.9348689 33.419411)"
22,E2,18,D3,0.5191003111886598,22,"LINESTRING (-111.9347173 33.4159864,-111.9306672 33.4195274)"
22,E2,19,D4,0.8441619591730929,166,"LINESTRING (-111.9347173 33.4159864,-111.926839 33.4197906)"
22,E2,20,D5,1.37622767244366,0,"LINESTRING (-111.9347173 33.4159864,-111.9208864 33.41947)"
22,E2,21,E1,0.4267077555238853,100,"LINESTRING (-111.9347173 33.4159864,-111.9391344 33.4162015)"
22,E2,22,E2,0.0,0,"LINESTRING (-111.9347173 33.4159864,-111.9347173 33.4159864)"
22,E2,23,E3,0.49866405298769895,22,"LINESTRING (-111.9347173 33.4159864,-111.9295699 33.4155261)"
22,E2,24,E4,0.7519585725380571,170,"LINESTRING (-111.9347173 33.4159864,-111.9269472 33.4153886)"
22,E2,25,E5,1.3345807061970063,0,"LINESTRING (-111.9347173 33.4159864,-111.9208864 33.41589)"
23,E3,1,A1,1.7087278239930566,29,"LINESTRING (-111.9295699 33.4155261,-111.9391322 33.4304313)"
23,E3,2,A2,1.5666978026734568,6,"LINESTRING (-111.9295699 33.4155261,-111.9347148 33.4309263)"
23,E3,3,A3,1.368924714651489,5,"LINESTRING (-111.9295699 33.4155261,-111.9304603 33.4296853)"
23,E3,4,A4,1.4239997812493133,28,"LINESTRING (-111.9295699 33.4155261,-111.9261617 33.4298852)"
23,E3,5,A5,1.8617712437335354,1,"LINESTRING (-111.9295699 33.4155261,-111.9186286 33.431419)"
23,E3,6,B1,1.3983896956701583,5,"LINESTRING (-111.9295699 33.4155261,-111.9392444 33.4263167)"
23,E3,7,B2,1.1700637278897026,2,"LINESTRING (-111.9295699 33.4155261,-111.9355153 33.4260948)"
23,E3,8,B3,1.0818582304998203,6,"LINESTRING (-111.9295699 33.4155261,-111.9300963 33.4267259)"
23,E3,9,B4,0.9509167303811547,1,"LINESTRING (-111.9295699 33.4155261,-111.9271836 33.4250879)"
23,E3,10,B5,1.3601299731027985,0,"LINESTRING (-111.9295699 33.4155261,-111.9208864 33.42663)"
23,E3,11,C1,1.1489013656252678,6,"LINESTRING (-111.9295699 33.4155261,-111.9387482 33.4231111)"
23,E3,12,C2,0.8480167519527025,5,"LINESTRING (-111.9295699 33.4155261,-111.9344624 33.422827)"
23,E3,13,C3,0.6927218537231448,4,"LINESTRING (-111.9295699 33.4155261,-111.930794 33.4226002)"
23,E3,14,C4,0.7717000297645271,47,"LINESTRING (-111.9295699 33.4155261,-111.9265546 33.4229336)"
23,E3,15,C5,1.1086345152765604,0,"LINESTRING (-111.9295699 33.4155261,-111.9208864 33.42305)"
23,E3,16,D1,0.9493731608546585,35,"LINESTRING (-111.9295699 33.4155261,-111.9386832 33.4192347)"
23,E3,17,D2,0.6339940848619096,5,"LINESTRING (-111.9295699 33.4155261,-111.9348689 33.419411)"
23,E3,18,D3,0.4003425863922115,4,"LINESTRING (-111.9295699 33.4155261,-111.9306672 33.4195274)"
23,E3,19,D4,0.4886212733316888,33,"LINESTRING (-111.9295699 33.4155261,-111.926839 33.4197906)"
23,E3,20,D5,0.9202374727490606,0,"LINESTRING (-111.9295699 33.4155261,-111.9208864 33.41947)"
23,E3,21,E1,0.9251829566155608,17,"LINESTRING (-111.9295699 33.4155261,-111.9391344 33.4162015)"
23,E3,22,E2,0.49866405298769895,20,"LINESTRING (-111.9295699 33.4155261,-111.9347173 33.4159864)"
23,E3,23,E3,0.0,0,"LINESTRING (-111.9295699 33.4155261,-111.9295699 33.4155261)"
23,E3,24,E4,0.25340836218937274,34,"LINESTRING (-111.9295699 33.4155261,-111.9269472 33.4153886)"
23,E3,25,E5,0.8386018704366643,0,"LINESTRING (-111.9295699 33.4155261,-111.9208864 33.41589)"
24,E4,1,A1,1.8679162540592555,235,"LINESTRING (-111.9269472 33.4153886,-111.9391322 33.4304313)"
24,E4,2,A2,1.6761403064439746,47,"LINESTRING (-111.9269472 33.4153886,-111.9347148 33.4309263)"
24,E4,3,A3,1.4205314059344714,38,"LINESTRING (-111.9269472 33.4153886,-111.9304603 33.4296853)"
24,E4,4,A4,1.4008269158284743,237,"LINESTRING (-111.9269472 33.4153886,-111.9261617 33.4298852)"
24,E4,5,A5,1.7426347784725607,7,"LINESTRING (-111.9269472 33.4153886,-111.9186286 33.431419)"
24,E4,6,B1,1.5873879359005914,38,"LINESTRING (-111.9269472 33.4153886,-111.9392444 33.4263167)"
24,E4,7,B2,1.3231312581437837,17,"LINESTRING (-111.9269472 33.4153886,-111.9355153 33.4260948)"
24,E4,8,B3,1.1353487570237177,49,"LINESTRING (-111.9269472 33.4153886,-111.9300963 33.4267259)"
24,E4,9,B4,0.9361667930687282,2,"LINESTRING (-111.9269472 33.4153886,-111.9271836 33.4250879)"
24,E4,10,B5,1.2322893325364574,0,"LINESTRING (-111.9269472 33.4153886,-111.9208864 33.42663)"
24,E4,11,C1,1.3608243230312274,46,"LINESTRING (-111.9269472 33.4153886,-111.9387482 33.4231111)"
24,E4,12,C2,1.0202813803958382,40,"LINESTRING (-111.9269472 33.4153886,-111.9344624 33.422827)"
24,E4,13,C3,0.7886543201274367,30,"LINESTRING (-111.9269472 33.4153886,-111.930794 33.4226002)"
24,E4,14,C4,0.7290055534833283,403,"LINESTRING (-111.9269472 33.4153886,-111.9265546 33.4229336)"
24,E4,15,C5,0.9425963475176675,0,"LINESTRING (-111.9269472 33.4153886,-111.9208864 33.42305)"
24,E4,16,D1,1.1916707682294585,282,"LINESTRING (-111.9269472 33.4153886,-111.9386832 33.4192347)"
24,E4,17,D2,0.8572595761977689,37,"LINESTRING (-111.9269472 33.4153886,-111.9348689 33.419411)"
24,E4,18,D3,0.5369566820069757,34,"LINESTRING (-111.9269472 33.4153886,-111.9306672 33.4195274)"
24,E4,19,D4,0.4248813745128515,278,"LINESTRING (-111.9269472 33.4153886,-111.926839 33.4197906)"
24,E4,20,D5,0.705044908274187,0,"LINESTRING (-111.9269472 33.4153886,-111.9208864 33.41947)"
24,E4,21,E1,1.1785586505946424,140,"LINESTRING (-111.9269472 33.4153886,-111.9391344 33.4162015)"
24,E4,22,E2,0.7519585725380571,159,"LINESTRING (-111.9269472 33.4153886,-111.9347173 33.4159864)"
24,E4,23,E3,0.25340836218937274,36,"LINESTRING (-111.9269472 33.4153886,-111.9295699 33.4155261)"
24,E4,24,E4,0.0,0,"LINESTRING (-111.9269472 33.4153886,-111.9269472 33.4153886)"
24,E4,25,E5,0.5868034969836801,0,"LINESTRING (-111.9269472 33.4153886,-111.9208864 33.41589)"
25,E5,1,A1,2.2512542284197776,0,"LINESTRING (-111.9208864 33.41589,-111.9391322 33.4304313)"
25,E5,2,A2,1.9711261402873403,0,"LINESTRING (-111.9208864 33.41589,-111.9347148 33.4309263)"
25,E5,3,A3,1.6202593092675648,0,"LINESTRING (-111.9208864 33.41589,-111.9304603 33.4296853)"
25,E5,4,A4,1.443141678485007,0,"LINESTRING (-111.9208864 33.41589,-111.9261617 33.4298852)"
25,E5,5,A5,1.5141476367757922,0,"LINESTRING (-111.9208864 33.41589,-111.9186286 33.431419)"
25,E5,6,B1,2.0371347031685882,0,"LINESTRING (-111.9208864 33.41589,-111.9392444 33.4263167)"
25,E5,7,B2,1.7210519059388971,0,"LINESTRING (-111.9208864 33.41589,-111.9355153 33.4260948)"
25,E5,8,B3,1.3721866438521992,0,"LINESTRING (-111.9208864 33.41589,-111.9300963 33.4267259)"
25,E5,9,B4,1.0755804393709012,0,"LINESTRING (-111.9208864 33.41589,-111.9271836 33.4250879)"
25,E5,10,B5,1.0363025999998472,0,"LINESTRING (-111.9208864 33.41589,-111.9208864 33.42663)"
25,E5,11,C1,1.8590036183900343,0,"LINESTRING (-111.9208864 33.41589,-111.9387482 33.4231111)"
25,E5,12,C2,1.471055045426979,0,"LINESTRING (-111.9208864 33.41589,-111.9344624 33.422827)"
25,E5,13,C3,1.1546089578718903,0,"LINESTRING (-111.9208864 33.41589,-111.930794 33.4226002)"
25,E5,14,C4,0.872371673670888,0,"LINESTRING (-111.9208864 33.41589,-111.9265546 33.4229336)"
25,E5,15,C5,0.6908683999998981,0,"LINESTRING (-111.9208864 33.41589,-111.9208864 33.42305)"
25,E5,16,D1,1.747280723063579,0,"LINESTRING (-111.9208864 33.41589,-111.9386832 33.4192347)"
25,E5,17,D2,1.3912902633154303,0,"LINESTRING (-111.9208864 33.41589,-111.9348689 33.419411)"
25,E5,18,D3,1.0068953095723283,0,"LINESTRING (-111.9208864 33.41589,-111.9306672 33.4195274)"
25,E5,19,D4,0.6866999989602466,0,"LINESTRING (-111.9208864 33.41589,-111.926839 33.4197906)"
25,E5,20,D5,0.34543419999994907,0,"LINESTRING (-111.9208864 33.41589,-111.9208864 33.41947)"
25,E5,21,E1,1.7610074842682673,0,"LINESTRING (-111.9208864 33.41589,-111.9391344 33.4162015)"
25,E5,22,E2,1.3345807061970063,0,"LINESTRING (-111.9208864 33.41589,-111.9347173 33.4159864)"
25,E5,23,E3,0.8386018704366643,0,"LINESTRING (-111.9208864 33.41589,-111.9295699 33.4155261)"
25,E5,24,E4,0.5868034969836801,0,"LINESTRING (-111.9208864 33.41589,-111.9269472 33.4153886)"
25,E5,25,E5,0.0,0,"LINESTRING (-111.9208864 33.41589,-111.9208864 33.41589)"
